name,source,label,prob,pred
EyePACS-Glaucoma-2998,EyePACS-Glaucoma,1,0.99528426,1
EyePACS-Glaucoma-147,EyePACS-Glaucoma,1,0.9999715,1
OIA-ODIR-TEST-ONLINE-925,OIA-ODIR-TEST-ONLINE,0,0.0029594186,0
OIA-ODIR-TRAIN-2092,OIA-ODIR-TRAIN,0,0.38905054,0
OIA-ODIR-TRAIN-738,OIA-ODIR-TRAIN,0,0.9983568,1
BEH-491,BEH,0,0.015289888,0
EyePACS-Glaucoma-1788,EyePACS-Glaucoma,1,0.9999929,1
EyePACS-Glaucoma-292,EyePACS-Glaucoma,1,0.5693431,0
EyePACS-Glaucoma-2773,EyePACS-Glaucoma,1,0.9999906,1
OIA-ODIR-TEST-OFFLINE-347,OIA-ODIR-TEST-OFFLINE,0,0.00011695681,0
OIA-ODIR-TRAIN-2816,OIA-ODIR-TRAIN,0,0.21948925,0
OIA-ODIR-TEST-ONLINE-612,OIA-ODIR-TEST-ONLINE,0,0.003808782,0
G1020-723,G1020,0,0.2888436,0
OIA-ODIR-TRAIN-613,OIA-ODIR-TRAIN,1,0.024229987,0
REFUGE1-train-132,REFUGE1-train,0,0.0007277456,0
FIVES-47,FIVES,1,0.52666175,0
EyePACS-Glaucoma-2725,EyePACS-Glaucoma,1,0.99997693,1
OIA-ODIR-TRAIN-912,OIA-ODIR-TRAIN,0,0.00271462,0
EyePACS-Glaucoma-1821,EyePACS-Glaucoma,1,0.9981996,1
G1020-553,G1020,1,0.38099945,0
PAPILA-306,PAPILA,1,0.9751846,1
OIA-ODIR-TRAIN-210,OIA-ODIR-TRAIN,0,0.0030195883,0
G1020-709,G1020,0,0.34723172,0
EyePACS-Glaucoma-995,EyePACS-Glaucoma,1,0.9778085,1
OIA-ODIR-TRAIN-2390,OIA-ODIR-TRAIN,0,0.02059379,0
EyePACS-Glaucoma-1500,EyePACS-Glaucoma,1,0.9798861,1
OIA-ODIR-TRAIN-699,OIA-ODIR-TRAIN,1,0.05492786,0
OIA-ODIR-TRAIN-2600,OIA-ODIR-TRAIN,0,0.022601148,0
OIA-ODIR-TRAIN-1496,OIA-ODIR-TRAIN,0,0.0010745866,0
OIA-ODIR-TRAIN-2319,OIA-ODIR-TRAIN,0,0.00012770781,0
EyePACS-Glaucoma-1927,EyePACS-Glaucoma,1,0.9812443,1
G1020-938,G1020,0,0.4096216,0
sjchoi86-HRF-338,sjchoi86-HRF,1,0.9948113,1
EyePACS-Glaucoma-641,EyePACS-Glaucoma,1,0.9792643,1
BEH-274,BEH,0,0.08070301,0
DRISHTI-GS1-test-14,DRISHTI-GS1-test,1,0.99019253,1
REFUGE1-val-225,REFUGE1-val,0,0.00165538,0
sjchoi86-HRF-98,sjchoi86-HRF,0,0.012686048,0
G1020-285,G1020,0,0.4470053,0
OIA-ODIR-TRAIN-1818,OIA-ODIR-TRAIN,0,0.05381719,0
G1020-39,G1020,1,0.40570873,0
OIA-ODIR-TEST-OFFLINE-128,OIA-ODIR-TEST-OFFLINE,0,0.00045160908,0
BEH-478,BEH,0,0.4047488,0
BEH-192,BEH,0,0.53088206,0
FIVES-348,FIVES,0,0.90700966,1
EyePACS-Glaucoma-3224,EyePACS-Glaucoma,1,0.999877,1
OIA-ODIR-TRAIN-554,OIA-ODIR-TRAIN,1,0.23300311,0
sjchoi86-HRF-30,sjchoi86-HRF,0,0.093096465,0
OIA-ODIR-TRAIN-1985,OIA-ODIR-TRAIN,0,0.120267674,0
EyePACS-Glaucoma-2149,EyePACS-Glaucoma,1,0.99984944,1
OIA-ODIR-TRAIN-2838,OIA-ODIR-TRAIN,0,0.0010601509,0
OIA-ODIR-TRAIN-1909,OIA-ODIR-TRAIN,0,3.265874e-05,0
EyePACS-Glaucoma-1956,EyePACS-Glaucoma,1,0.9999701,1
OIA-ODIR-TRAIN-675,OIA-ODIR-TRAIN,1,0.042788513,0
JSIEC-1000-33,JSIEC-1000,0,0.08589204,0
sjchoi86-HRF-195,sjchoi86-HRF,0,0.21799482,0
PAPILA-355,PAPILA,0,0.0069152536,0
EyePACS-Glaucoma-229,EyePACS-Glaucoma,1,0.99899995,1
OIA-ODIR-TRAIN-113,OIA-ODIR-TRAIN,0,0.0035119192,0
OIA-ODIR-TRAIN-2222,OIA-ODIR-TRAIN,0,0.0019480458,0
EyePACS-Glaucoma-1324,EyePACS-Glaucoma,1,0.9994542,1
G1020-789,G1020,1,0.76843125,1
EyePACS-Glaucoma-653,EyePACS-Glaucoma,1,0.999996,1
ORIGA-522,ORIGA,0,0.09113221,0
ORIGA-627,ORIGA,1,0.36267155,0
OIA-ODIR-TEST-ONLINE-561,OIA-ODIR-TEST-ONLINE,0,0.011061219,0
EyePACS-Glaucoma-884,EyePACS-Glaucoma,1,0.99487495,1
OIA-ODIR-TEST-ONLINE-887,OIA-ODIR-TEST-ONLINE,0,0.8542174,1
EyePACS-Glaucoma-725,EyePACS-Glaucoma,1,0.99669003,1
BEH-222,BEH,0,0.16659614,0
OIA-ODIR-TRAIN-2137,OIA-ODIR-TRAIN,0,0.9660654,1
OIA-ODIR-TEST-ONLINE-453,OIA-ODIR-TEST-ONLINE,0,0.009041063,0
OIA-ODIR-TEST-ONLINE-281,OIA-ODIR-TEST-ONLINE,0,0.08365576,0
EyePACS-Glaucoma-2823,EyePACS-Glaucoma,1,0.99930644,1
OIA-ODIR-TEST-ONLINE-149,OIA-ODIR-TEST-ONLINE,1,0.74144435,1
PAPILA-174,PAPILA,0,0.0023741436,0
EyePACS-Glaucoma-2080,EyePACS-Glaucoma,1,0.99977046,1
OIA-ODIR-TEST-ONLINE-271,OIA-ODIR-TEST-ONLINE,0,0.0025362014,0
OIA-ODIR-TEST-OFFLINE-235,OIA-ODIR-TEST-OFFLINE,0,0.0045732874,0
EyePACS-Glaucoma-605,EyePACS-Glaucoma,1,0.99992174,1
OIA-ODIR-TEST-OFFLINE-193,OIA-ODIR-TEST-OFFLINE,0,0.0005690516,0
EyePACS-Glaucoma-2650,EyePACS-Glaucoma,1,0.9997687,1
EyePACS-Glaucoma-415,EyePACS-Glaucoma,1,0.99819624,1
EyePACS-Glaucoma-3000,EyePACS-Glaucoma,1,0.9797308,1
OIA-ODIR-TRAIN-2145,OIA-ODIR-TRAIN,0,0.1047177,0
G1020-283,G1020,1,0.47208288,0
EyePACS-Glaucoma-3035,EyePACS-Glaucoma,1,0.98647463,1
PAPILA-319,PAPILA,1,0.11104872,0
REFUGE1-val-143,REFUGE1-val,0,0.0001008872,0
BEH-557,BEH,0,0.09432207,0
OIA-ODIR-TEST-ONLINE-354,OIA-ODIR-TEST-ONLINE,0,0.0023326997,0
OIA-ODIR-TEST-ONLINE-270,OIA-ODIR-TEST-ONLINE,0,0.00053458544,0
OIA-ODIR-TRAIN-2873,OIA-ODIR-TRAIN,0,0.49990928,0
EyePACS-Glaucoma-2287,EyePACS-Glaucoma,1,0.99998057,1
EyePACS-Glaucoma-1345,EyePACS-Glaucoma,1,0.9999756,1
OIA-ODIR-TRAIN-1401,OIA-ODIR-TRAIN,0,5.19514e-05,0
BEH-128,BEH,1,0.89715195,1
OIA-ODIR-TRAIN-2332,OIA-ODIR-TRAIN,0,0.00021703036,0
OIA-ODIR-TRAIN-1448,OIA-ODIR-TRAIN,0,0.0019049635,0
BEH-10,BEH,1,0.921319,1
EyePACS-Glaucoma-579,EyePACS-Glaucoma,1,0.9980694,1
OIA-ODIR-TRAIN-2300,OIA-ODIR-TRAIN,0,0.00013404666,0
ORIGA-588,ORIGA,1,0.44381094,0
OIA-ODIR-TRAIN-542,OIA-ODIR-TRAIN,0,0.33987218,0
OIA-ODIR-TRAIN-2662,OIA-ODIR-TRAIN,0,0.0037840647,0
BEH-559,BEH,0,0.1404945,0
sjchoi86-HRF-278,sjchoi86-HRF,0,0.00039679732,0
EyePACS-Glaucoma-2904,EyePACS-Glaucoma,1,0.9996739,1
G1020-24,G1020,0,0.43821615,0
sjchoi86-HRF-196,sjchoi86-HRF,0,0.0023950734,0
BEH-1,BEH,1,0.9989972,1
sjchoi86-HRF-362,sjchoi86-HRF,1,0.986765,1
PAPILA-467,PAPILA,0,0.06408061,0
EyePACS-Glaucoma-2505,EyePACS-Glaucoma,1,0.99996394,1
JSIEC-1000-20,JSIEC-1000,0,0.0028960465,0
PAPILA-459,PAPILA,0,0.11436836,0
BEH-465,BEH,0,0.12216014,0
EyePACS-Glaucoma-574,EyePACS-Glaucoma,1,0.9998051,1
EyePACS-Glaucoma-1065,EyePACS-Glaucoma,1,0.99994373,1
EyePACS-Glaucoma-1255,EyePACS-Glaucoma,1,0.99975806,1
REFUGE1-val-281,REFUGE1-val,0,0.00027749338,0
EyePACS-Glaucoma-529,EyePACS-Glaucoma,1,0.9998894,1
OIA-ODIR-TRAIN-2453,OIA-ODIR-TRAIN,0,0.0012327541,0
OIA-ODIR-TRAIN-2605,OIA-ODIR-TRAIN,0,0.025650896,0
DRISHTI-GS1-train-7,DRISHTI-GS1-train,1,0.98416626,1
OIA-ODIR-TRAIN-2541,OIA-ODIR-TRAIN,0,0.00045605746,0
G1020-961,G1020,0,0.5063675,0
FIVES-276,FIVES,0,0.0105772875,0
OIA-ODIR-TEST-OFFLINE-202,OIA-ODIR-TEST-OFFLINE,0,0.00012168144,0
OIA-ODIR-TRAIN-1832,OIA-ODIR-TRAIN,0,0.013460323,0
sjchoi86-HRF-232,sjchoi86-HRF,0,0.5957108,0
BEH-634,BEH,0,0.5363152,0
OIA-ODIR-TRAIN-1603,OIA-ODIR-TRAIN,0,0.0019521777,0
BEH-341,BEH,0,0.22496337,0
OIA-ODIR-TEST-OFFLINE-384,OIA-ODIR-TEST-OFFLINE,0,0.015643142,0
BEH-21,BEH,1,0.9953685,1
EyePACS-Glaucoma-3061,EyePACS-Glaucoma,1,0.9998461,1
EyePACS-Glaucoma-2443,EyePACS-Glaucoma,1,0.9998306,1
EyePACS-Glaucoma-297,EyePACS-Glaucoma,1,0.99997884,1
OIA-ODIR-TRAIN-469,OIA-ODIR-TRAIN,0,1.7690768e-06,0
ORIGA-43,ORIGA,0,0.26436445,0
EyePACS-Glaucoma-2530,EyePACS-Glaucoma,1,0.9967412,1
EyePACS-Glaucoma-1731,EyePACS-Glaucoma,1,0.99937415,1
EyePACS-Glaucoma-647,EyePACS-Glaucoma,1,0.99773735,1
OIA-ODIR-TRAIN-472,OIA-ODIR-TRAIN,0,9.298933e-05,0
REFUGE1-val-114,REFUGE1-val,0,0.00082340103,0
G1020-808,G1020,0,0.36515692,0
EyePACS-Glaucoma-631,EyePACS-Glaucoma,1,0.99919516,1
EyePACS-Glaucoma-2234,EyePACS-Glaucoma,1,0.844592,1
BEH-538,BEH,0,0.67513984,1
G1020-11,G1020,0,0.6175128,0
OIA-ODIR-TRAIN-2196,OIA-ODIR-TRAIN,0,6.6713714e-05,0
OIA-ODIR-TRAIN-351,OIA-ODIR-TRAIN,0,0.00027757225,0
OIA-ODIR-TRAIN-643,OIA-ODIR-TRAIN,0,0.017799474,0
OIA-ODIR-TRAIN-1791,OIA-ODIR-TRAIN,0,0.0021497326,0
OIA-ODIR-TRAIN-271,OIA-ODIR-TRAIN,0,0.8564091,1
EyePACS-Glaucoma-1696,EyePACS-Glaucoma,1,0.99999404,1
EyePACS-Glaucoma-1900,EyePACS-Glaucoma,1,0.9999687,1
JSIEC-1000-26,JSIEC-1000,0,0.0031261283,0
EyePACS-Glaucoma-2923,EyePACS-Glaucoma,1,0.9904226,1
OIA-ODIR-TRAIN-2072,OIA-ODIR-TRAIN,0,0.2126555,0
EyePACS-Glaucoma-2543,EyePACS-Glaucoma,1,0.99310267,1
OIA-ODIR-TRAIN-1022,OIA-ODIR-TRAIN,0,0.0019258128,0
EyePACS-Glaucoma-2835,EyePACS-Glaucoma,1,0.999183,1
OIA-ODIR-TEST-ONLINE-773,OIA-ODIR-TEST-ONLINE,0,0.0005540761,0
EyePACS-Glaucoma-1596,EyePACS-Glaucoma,1,0.99999917,1
REFUGE1-val-292,REFUGE1-val,0,0.0051737106,0
OIA-ODIR-TRAIN-2555,OIA-ODIR-TRAIN,0,0.0023801879,0
OIA-ODIR-TRAIN-2101,OIA-ODIR-TRAIN,0,6.587585e-05,0
EyePACS-Glaucoma-63,EyePACS-Glaucoma,1,0.84208274,1
PAPILA-193,PAPILA,0,0.020500977,0
REFUGE1-train-394,REFUGE1-train,0,0.0035448112,0
EyePACS-Glaucoma-2071,EyePACS-Glaucoma,1,0.9780433,1
CRFO-v4-11,CRFO-v4,1,0.9227305,1
EyePACS-Glaucoma-3085,EyePACS-Glaucoma,1,0.99898493,1
G1020-421,G1020,1,0.9347298,1
OIA-ODIR-TRAIN-83,OIA-ODIR-TRAIN,0,0.0031248392,0
EyePACS-Glaucoma-3057,EyePACS-Glaucoma,1,0.999953,1
BEH-480,BEH,0,0.004187178,0
OIA-ODIR-TEST-ONLINE-495,OIA-ODIR-TEST-ONLINE,0,0.34123468,0
EyePACS-Glaucoma-128,EyePACS-Glaucoma,1,0.99988294,1
EyePACS-Glaucoma-1287,EyePACS-Glaucoma,1,0.99982774,1
EyePACS-Glaucoma-1885,EyePACS-Glaucoma,1,0.99970293,1
REFUGE1-train-10,REFUGE1-train,1,0.9772292,1
OIA-ODIR-TRAIN-728,OIA-ODIR-TRAIN,0,0.009687683,0
PAPILA-356,PAPILA,0,0.010725035,0
REFUGE1-train-225,REFUGE1-train,0,0.0023554093,0
OIA-ODIR-TEST-OFFLINE-449,OIA-ODIR-TEST-OFFLINE,0,0.41474074,0
OIA-ODIR-TRAIN-262,OIA-ODIR-TRAIN,0,0.00044252814,0
EyePACS-Glaucoma-3240,EyePACS-Glaucoma,1,0.99960935,1
EyePACS-Glaucoma-3091,EyePACS-Glaucoma,1,0.9999831,1
G1020-676,G1020,0,0.5200864,0
EyePACS-Glaucoma-2273,EyePACS-Glaucoma,1,0.9872178,1
OIA-ODIR-TRAIN-903,OIA-ODIR-TRAIN,0,0.00022505023,0
OIA-ODIR-TRAIN-3182,OIA-ODIR-TRAIN,0,3.6064102e-05,0
ORIGA-281,ORIGA,0,0.3340321,0
OIA-ODIR-TRAIN-1717,OIA-ODIR-TRAIN,0,0.07362473,0
OIA-ODIR-TRAIN-3183,OIA-ODIR-TRAIN,0,0.0012583556,0
OIA-ODIR-TEST-ONLINE-471,OIA-ODIR-TEST-ONLINE,0,0.0678676,0
ORIGA-501,ORIGA,0,0.13059112,0
OIA-ODIR-TRAIN-716,OIA-ODIR-TRAIN,0,0.065173656,0
REFUGE1-train-156,REFUGE1-train,0,2.7545884e-05,0
REFUGE1-val-310,REFUGE1-val,0,0.02020394,0
EyePACS-Glaucoma-340,EyePACS-Glaucoma,1,0.99998766,1
EyePACS-Glaucoma-1690,EyePACS-Glaucoma,1,0.99830675,1
EyePACS-Glaucoma-728,EyePACS-Glaucoma,1,0.99993324,1
G1020-129,G1020,1,0.4984361,0
PAPILA-49,PAPILA,1,0.98926485,1
OIA-ODIR-TRAIN-3193,OIA-ODIR-TRAIN,0,0.00040439886,0
EyePACS-Glaucoma-3038,EyePACS-Glaucoma,1,0.10779504,0
EyePACS-Glaucoma-2778,EyePACS-Glaucoma,1,0.8815731,1
OIA-ODIR-TRAIN-2354,OIA-ODIR-TRAIN,0,0.75515485,1
EyePACS-Glaucoma-1748,EyePACS-Glaucoma,1,0.99994755,1
G1020-440,G1020,0,0.2770449,0
OIA-ODIR-TEST-ONLINE-396,OIA-ODIR-TEST-ONLINE,0,0.22570919,0
EyePACS-Glaucoma-658,EyePACS-Glaucoma,1,0.99998623,1
EyePACS-Glaucoma-3138,EyePACS-Glaucoma,1,0.99996406,1
REFUGE1-train-134,REFUGE1-train,0,0.007589234,0
OIA-ODIR-TRAIN-2303,OIA-ODIR-TRAIN,0,0.015215604,0
EyePACS-Glaucoma-267,EyePACS-Glaucoma,1,0.9948192,1
OIA-ODIR-TEST-ONLINE-393,OIA-ODIR-TEST-ONLINE,0,0.006048287,0
OIA-ODIR-TRAIN-3231,OIA-ODIR-TRAIN,0,0.0018586516,0
G1020-98,G1020,0,0.1708503,0
EyePACS-Glaucoma-2415,EyePACS-Glaucoma,1,0.9892809,1
OIA-ODIR-TRAIN-865,OIA-ODIR-TRAIN,0,0.00036490744,0
EyePACS-Glaucoma-584,EyePACS-Glaucoma,1,0.9859612,1
PAPILA-331,PAPILA,0,0.087084785,0
OIA-ODIR-TRAIN-150,OIA-ODIR-TRAIN,0,0.12104294,0
EyePACS-Glaucoma-218,EyePACS-Glaucoma,1,0.9998978,1
G1020-45,G1020,0,0.40414587,0
OIA-ODIR-TEST-ONLINE-611,OIA-ODIR-TEST-ONLINE,0,0.00779439,0
FIVES-151,FIVES,0,0.57308656,0
BEH-544,BEH,0,0.01566228,0
OIA-ODIR-TRAIN-2333,OIA-ODIR-TRAIN,0,1.5664706e-05,0
OIA-ODIR-TEST-OFFLINE-480,OIA-ODIR-TEST-OFFLINE,0,0.005159713,0
LES-AV-15,LES-AV,1,0.995435,1
PAPILA-452,PAPILA,0,0.028613497,0
EyePACS-Glaucoma-1424,EyePACS-Glaucoma,1,0.9995693,1
ORIGA-72,ORIGA,1,0.057257287,0
OIA-ODIR-TRAIN-1869,OIA-ODIR-TRAIN,0,0.005355483,0
EyePACS-Glaucoma-752,EyePACS-Glaucoma,1,0.39875057,0
OIA-ODIR-TEST-ONLINE-544,OIA-ODIR-TEST-ONLINE,0,0.0009408209,0
EyePACS-Glaucoma-3101,EyePACS-Glaucoma,1,0.99977237,1
G1020-571,G1020,0,0.20566948,0
EyePACS-Glaucoma-81,EyePACS-Glaucoma,1,0.99993426,1
ORIGA-155,ORIGA,0,0.068664715,0
EyePACS-Glaucoma-2790,EyePACS-Glaucoma,1,0.99951136,1
sjchoi86-HRF-53,sjchoi86-HRF,0,0.0009742965,0
OIA-ODIR-TRAIN-1200,OIA-ODIR-TRAIN,0,0.0008866793,0
OIA-ODIR-TRAIN-2356,OIA-ODIR-TRAIN,0,0.98300743,1
G1020-506,G1020,1,0.8506504,1
OIA-ODIR-TRAIN-1065,OIA-ODIR-TRAIN,0,0.001779641,0
REFUGE1-train-120,REFUGE1-train,0,0.008861743,0
EyePACS-Glaucoma-990,EyePACS-Glaucoma,1,0.9998801,1
OIA-ODIR-TRAIN-1738,OIA-ODIR-TRAIN,0,0.029843811,0
EyePACS-Glaucoma-1685,EyePACS-Glaucoma,1,0.9997026,1
OIA-ODIR-TEST-ONLINE-469,OIA-ODIR-TEST-ONLINE,0,5.5957364e-05,0
G1020-534,G1020,0,0.26869255,0
EyePACS-Glaucoma-927,EyePACS-Glaucoma,1,0.9926196,1
OIA-ODIR-TRAIN-2922,OIA-ODIR-TRAIN,0,0.00067623425,0
OIA-ODIR-TRAIN-1829,OIA-ODIR-TRAIN,0,0.5769708,0
EyePACS-Glaucoma-2597,EyePACS-Glaucoma,1,0.9994284,1
OIA-ODIR-TRAIN-84,OIA-ODIR-TRAIN,0,0.091385596,0
OIA-ODIR-TEST-ONLINE-1,OIA-ODIR-TEST-ONLINE,0,0.004321077,0
EyePACS-Glaucoma-2174,EyePACS-Glaucoma,1,0.9989015,1
EyePACS-Glaucoma-1619,EyePACS-Glaucoma,1,0.9779444,1
HRF-3,HRF,1,0.60452443,0
G1020-232,G1020,1,0.52962625,0
OIA-ODIR-TEST-ONLINE-90,OIA-ODIR-TEST-ONLINE,1,0.9842621,1
OIA-ODIR-TRAIN-1883,OIA-ODIR-TRAIN,0,0.0047706505,0
EyePACS-Glaucoma-2672,EyePACS-Glaucoma,1,0.96747243,1
OIA-ODIR-TRAIN-1093,OIA-ODIR-TRAIN,0,0.0003152791,0
EyePACS-Glaucoma-938,EyePACS-Glaucoma,1,0.99994826,1
JSIEC-1000-35,JSIEC-1000,0,0.13549341,0
OIA-ODIR-TRAIN-3250,OIA-ODIR-TRAIN,0,0.0041412297,0
OIA-ODIR-TEST-ONLINE-472,OIA-ODIR-TEST-ONLINE,0,0.009088613,0
OIA-ODIR-TRAIN-1068,OIA-ODIR-TRAIN,0,0.00025734372,0
G1020-874,G1020,0,0.3984614,0
OIA-ODIR-TRAIN-2808,OIA-ODIR-TRAIN,0,0.0004368291,0
PAPILA-220,PAPILA,0,0.05451543,0
PAPILA-284,PAPILA,1,0.96081555,1
EyePACS-Glaucoma-48,EyePACS-Glaucoma,1,0.99743557,1
REFUGE1-train-161,REFUGE1-train,0,0.056159392,0
EyePACS-Glaucoma-1840,EyePACS-Glaucoma,1,0.99295235,1
EyePACS-Glaucoma-2610,EyePACS-Glaucoma,1,0.9996176,1
ORIGA-231,ORIGA,0,0.14576165,0
EyePACS-Glaucoma-2929,EyePACS-Glaucoma,1,0.99999535,1
OIA-ODIR-TEST-ONLINE-136,OIA-ODIR-TEST-ONLINE,0,0.12961924,0
EyePACS-Glaucoma-2065,EyePACS-Glaucoma,1,0.99999285,1
OIA-ODIR-TRAIN-1356,OIA-ODIR-TRAIN,0,0.012289606,0
FIVES-202,FIVES,0,0.04238789,0
EyePACS-Glaucoma-1463,EyePACS-Glaucoma,1,0.9947517,1
OIA-ODIR-TEST-ONLINE-522,OIA-ODIR-TEST-ONLINE,0,0.00051089836,0
G1020-358,G1020,0,0.23197246,0
G1020-535,G1020,1,0.7100735,1
DRISHTI-GS1-train-14,DRISHTI-GS1-train,1,0.6543988,0
FIVES-113,FIVES,1,0.60579365,0
OIA-ODIR-TRAIN-196,OIA-ODIR-TRAIN,0,0.16778657,0
PAPILA-341,PAPILA,0,0.017415415,0
OIA-ODIR-TEST-ONLINE-667,OIA-ODIR-TEST-ONLINE,0,0.040578328,0
REFUGE1-train-111,REFUGE1-train,0,0.003354364,0
EyePACS-Glaucoma-2739,EyePACS-Glaucoma,1,0.9997536,1
EyePACS-Glaucoma-741,EyePACS-Glaucoma,1,0.99937963,1
OIA-ODIR-TEST-ONLINE-851,OIA-ODIR-TEST-ONLINE,0,0.0045951507,0
OIA-ODIR-TEST-OFFLINE-328,OIA-ODIR-TEST-OFFLINE,0,0.0011318006,0
PAPILA-188,PAPILA,1,0.7401409,1
PAPILA-439,PAPILA,0,0.11392076,0
G1020-957,G1020,0,0.06888153,0
EyePACS-Glaucoma-394,EyePACS-Glaucoma,1,0.995502,1
G1020-329,G1020,0,0.14260066,0
EyePACS-Glaucoma-2936,EyePACS-Glaucoma,1,0.9999833,1
OIA-ODIR-TEST-ONLINE-698,OIA-ODIR-TEST-ONLINE,0,0.11645047,0
ORIGA-470,ORIGA,0,0.0039893724,0
ORIGA-348,ORIGA,1,0.5320199,0
G1020-428,G1020,0,0.17686889,0
OIA-ODIR-TEST-OFFLINE-396,OIA-ODIR-TEST-OFFLINE,0,0.00057400134,0
EyePACS-Glaucoma-954,EyePACS-Glaucoma,1,0.9995413,1
sjchoi86-HRF-248,sjchoi86-HRF,0,0.4459848,0
OIA-ODIR-TEST-OFFLINE-95,OIA-ODIR-TEST-OFFLINE,0,0.008578625,0
EyePACS-Glaucoma-2444,EyePACS-Glaucoma,1,0.98434734,1
EyePACS-Glaucoma-1068,EyePACS-Glaucoma,1,0.9998075,1
EyePACS-Glaucoma-2501,EyePACS-Glaucoma,1,0.9980994,1
BEH-220,BEH,0,0.0070392466,0
OIA-ODIR-TRAIN-1175,OIA-ODIR-TRAIN,0,0.056929193,0
G1020-782,G1020,0,0.5155307,0
sjchoi86-HRF-145,sjchoi86-HRF,0,0.024022037,0
EyePACS-Glaucoma-2791,EyePACS-Glaucoma,1,0.96760726,1
REFUGE1-val-385,REFUGE1-val,1,0.0002286302,0
G1020-146,G1020,0,0.4278792,0
EyePACS-Glaucoma-2207,EyePACS-Glaucoma,1,0.99996626,1
OIA-ODIR-TRAIN-2581,OIA-ODIR-TRAIN,0,0.0074101016,0
OIA-ODIR-TRAIN-1654,OIA-ODIR-TRAIN,0,0.0003975929,0
sjchoi86-HRF-138,sjchoi86-HRF,0,0.9886626,1
REFUGE1-train-115,REFUGE1-train,0,0.0005392866,0
BEH-243,BEH,0,0.20924509,0
EyePACS-Glaucoma-2166,EyePACS-Glaucoma,1,0.9972595,1
REFUGE1-train-370,REFUGE1-train,0,0.00043293604,0
BEH-332,BEH,0,0.13846749,0
REFUGE1-val-87,REFUGE1-val,0,0.00023058157,0
REFUGE1-train-191,REFUGE1-train,0,0.0027531527,0
FIVES-299,FIVES,0,0.027775548,0
OIA-ODIR-TRAIN-955,OIA-ODIR-TRAIN,0,8.834689e-06,0
PAPILA-161,PAPILA,0,0.04691747,0
ORIGA-144,ORIGA,0,0.024663687,0
FIVES-74,FIVES,1,0.79419386,1
OIA-ODIR-TRAIN-2501,OIA-ODIR-TRAIN,0,0.001370359,0
EyePACS-Glaucoma-3270,EyePACS-Glaucoma,1,0.98023117,1
EyePACS-Glaucoma-1651,EyePACS-Glaucoma,1,0.99992985,1
OIA-ODIR-TEST-ONLINE-89,OIA-ODIR-TEST-ONLINE,1,0.9978322,1
G1020-727,G1020,0,0.3219774,0
OIA-ODIR-TRAIN-3116,OIA-ODIR-TRAIN,0,0.0013033595,0
ORIGA-539,ORIGA,0,0.12947519,0
sjchoi86-HRF-185,sjchoi86-HRF,0,0.0022598747,0
OIA-ODIR-TRAIN-2003,OIA-ODIR-TRAIN,0,0.00046306994,0
OIA-ODIR-TEST-ONLINE-205,OIA-ODIR-TEST-ONLINE,0,0.19473536,0
G1020-319,G1020,1,0.858768,1
ORIGA-167,ORIGA,0,0.80498284,1
G1020-468,G1020,0,0.5379781,0
CRFO-v4-19,CRFO-v4,1,0.9724126,1
OIA-ODIR-TRAIN-2116,OIA-ODIR-TRAIN,0,0.0043355366,0
REFUGE1-train-40,REFUGE1-train,1,0.9974288,1
OIA-ODIR-TRAIN-59,OIA-ODIR-TRAIN,0,0.0023982641,0
HRF-9,HRF,1,0.8717575,1
BEH-346,BEH,0,0.28454033,0
REFUGE1-val-137,REFUGE1-val,0,8.2026214e-05,0
REFUGE1-train-83,REFUGE1-train,0,0.1725811,0
OIA-ODIR-TRAIN-1204,OIA-ODIR-TRAIN,0,0.13825493,0
FIVES-319,FIVES,0,0.7688137,1
REFUGE1-train-292,REFUGE1-train,0,0.021503381,0
OIA-ODIR-TRAIN-3019,OIA-ODIR-TRAIN,0,0.00064255967,0
G1020-251,G1020,0,0.2991715,0
REFUGE1-train-378,REFUGE1-train,0,0.985932,1
OIA-ODIR-TRAIN-1046,OIA-ODIR-TRAIN,0,0.0015455009,0
OIA-ODIR-TRAIN-1378,OIA-ODIR-TRAIN,0,7.568531e-05,0
OIA-ODIR-TEST-OFFLINE-382,OIA-ODIR-TEST-OFFLINE,0,0.04559781,0
REFUGE1-val-269,REFUGE1-val,0,8.67389e-05,0
OIA-ODIR-TRAIN-1216,OIA-ODIR-TRAIN,0,0.00011776449,0
EyePACS-Glaucoma-692,EyePACS-Glaucoma,1,0.999997,1
REFUGE1-train-185,REFUGE1-train,0,0.0022465372,0
EyePACS-Glaucoma-2551,EyePACS-Glaucoma,1,0.99973154,1
REFUGE1-val-169,REFUGE1-val,0,0.0007714293,0
ORIGA-596,ORIGA,0,0.5819535,0
EyePACS-Glaucoma-3099,EyePACS-Glaucoma,1,0.9999826,1
BEH-69,BEH,1,0.8631136,1
G1020-612,G1020,0,0.15742418,0
OIA-ODIR-TRAIN-94,OIA-ODIR-TRAIN,0,0.10521383,0
OIA-ODIR-TRAIN-2183,OIA-ODIR-TRAIN,0,0.05728592,0
OIA-ODIR-TRAIN-2044,OIA-ODIR-TRAIN,0,0.0033954578,0
OIA-ODIR-TRAIN-2526,OIA-ODIR-TRAIN,0,0.03550592,0
PAPILA-127,PAPILA,0,0.019089533,0
OIA-ODIR-TRAIN-182,OIA-ODIR-TRAIN,0,0.41286594,0
EyePACS-Glaucoma-2871,EyePACS-Glaucoma,1,0.9964129,1
G1020-311,G1020,1,0.2587834,0
REFUGE1-val-319,REFUGE1-val,1,0.048118487,0
EyePACS-Glaucoma-980,EyePACS-Glaucoma,1,0.995777,1
OIA-ODIR-TEST-OFFLINE-87,OIA-ODIR-TEST-OFFLINE,0,0.9471628,1
EyePACS-Glaucoma-2457,EyePACS-Glaucoma,1,0.99994516,1
FIVES-272,FIVES,0,0.1057557,0
CRFO-v4-78,CRFO-v4,0,0.888196,1
OIA-ODIR-TRAIN-1017,OIA-ODIR-TRAIN,0,0.0018760734,0
ORIGA-151,ORIGA,0,0.44949782,0
OIA-ODIR-TRAIN-1231,OIA-ODIR-TRAIN,0,0.00021334444,0
EyePACS-Glaucoma-1681,EyePACS-Glaucoma,1,0.96090335,1
FIVES-383,FIVES,0,0.3809542,0
G1020-192,G1020,0,0.5271218,0
REFUGE1-val-149,REFUGE1-val,1,0.98445725,1
ORIGA-634,ORIGA,1,0.14482065,0
OIA-ODIR-TRAIN-521,OIA-ODIR-TRAIN,1,0.84208107,1
OIA-ODIR-TRAIN-1713,OIA-ODIR-TRAIN,0,0.004025323,0
EyePACS-Glaucoma-2387,EyePACS-Glaucoma,1,0.9979428,1
BEH-531,BEH,0,0.54364806,0
EyePACS-Glaucoma-2800,EyePACS-Glaucoma,1,0.9998908,1
EyePACS-Glaucoma-2710,EyePACS-Glaucoma,1,0.9999418,1
G1020-382,G1020,0,0.66720724,1
OIA-ODIR-TRAIN-3061,OIA-ODIR-TRAIN,0,0.026985627,0
OIA-ODIR-TRAIN-1215,OIA-ODIR-TRAIN,0,0.088236496,0
PAPILA-117,PAPILA,0,0.7731351,1
OIA-ODIR-TEST-ONLINE-768,OIA-ODIR-TEST-ONLINE,0,0.000112118534,0
REFUGE1-train-213,REFUGE1-train,0,0.0014642631,0
EyePACS-Glaucoma-2480,EyePACS-Glaucoma,1,0.99724793,1
EyePACS-Glaucoma-2585,EyePACS-Glaucoma,1,0.3304731,0
OIA-ODIR-TEST-ONLINE-585,OIA-ODIR-TEST-ONLINE,0,0.014277373,0
REFUGE1-train-90,REFUGE1-train,0,0.018722769,0
EyePACS-Glaucoma-3077,EyePACS-Glaucoma,1,0.99713445,1
BEH-360,BEH,0,0.8199105,1
G1020-112,G1020,0,0.37545258,0
OIA-ODIR-TRAIN-1193,OIA-ODIR-TRAIN,0,0.0043323776,0
OIA-ODIR-TRAIN-745,OIA-ODIR-TRAIN,0,0.473929,0
EyePACS-Glaucoma-64,EyePACS-Glaucoma,1,0.99870896,1
EyePACS-Glaucoma-872,EyePACS-Glaucoma,1,0.9967071,1
PAPILA-178,PAPILA,0,0.78242517,1
CRFO-v4-65,CRFO-v4,0,0.42128354,0
EyePACS-Glaucoma-11,EyePACS-Glaucoma,1,0.9958309,1
EyePACS-Glaucoma-1784,EyePACS-Glaucoma,1,0.9906312,1
EyePACS-Glaucoma-450,EyePACS-Glaucoma,1,0.99990624,1
G1020-853,G1020,0,0.6294664,0
OIA-ODIR-TRAIN-2955,OIA-ODIR-TRAIN,0,0.0012146173,0
sjchoi86-HRF-370,sjchoi86-HRF,1,0.98153865,1
OIA-ODIR-TRAIN-815,OIA-ODIR-TRAIN,0,0.015545765,0
EyePACS-Glaucoma-1321,EyePACS-Glaucoma,1,0.99987,1
EyePACS-Glaucoma-1286,EyePACS-Glaucoma,1,0.997633,1
OIA-ODIR-TEST-ONLINE-494,OIA-ODIR-TEST-ONLINE,0,0.03674671,0
G1020-620,G1020,0,0.30662942,0
OIA-ODIR-TRAIN-507,OIA-ODIR-TRAIN,1,0.9816357,1
OIA-ODIR-TEST-ONLINE-151,OIA-ODIR-TEST-ONLINE,1,0.61851,0
G1020-925,G1020,0,0.72329515,1
EyePACS-Glaucoma-2583,EyePACS-Glaucoma,1,0.9999561,1
OIA-ODIR-TRAIN-1374,OIA-ODIR-TRAIN,0,0.85793793,1
REFUGE1-val-162,REFUGE1-val,0,9.690909e-05,0
OIA-ODIR-TRAIN-2280,OIA-ODIR-TRAIN,0,9.903191e-06,0
EyePACS-Glaucoma-2735,EyePACS-Glaucoma,1,0.99997884,1
OIA-ODIR-TEST-OFFLINE-302,OIA-ODIR-TEST-OFFLINE,0,0.024071442,0
REFUGE1-val-166,REFUGE1-val,0,0.0010989809,0
EyePACS-Glaucoma-513,EyePACS-Glaucoma,1,0.6785226,1
ORIGA-10,ORIGA,0,0.051237583,0
FIVES-153,FIVES,0,0.0006493913,0
OIA-ODIR-TEST-ONLINE-31,OIA-ODIR-TEST-ONLINE,0,0.018549055,0
OIA-ODIR-TEST-ONLINE-275,OIA-ODIR-TEST-ONLINE,0,1.2063362e-05,0
EyePACS-Glaucoma-1539,EyePACS-Glaucoma,1,0.99075973,1
EyePACS-Glaucoma-2868,EyePACS-Glaucoma,1,0.9971207,1
OIA-ODIR-TRAIN-2077,OIA-ODIR-TRAIN,0,0.041994065,0
EyePACS-Glaucoma-662,EyePACS-Glaucoma,1,0.9992675,1
OIA-ODIR-TEST-ONLINE-831,OIA-ODIR-TEST-ONLINE,0,0.61737484,0
EyePACS-Glaucoma-2462,EyePACS-Glaucoma,1,0.9998523,1
OIA-ODIR-TRAIN-2830,OIA-ODIR-TRAIN,0,0.00065205665,0
EyePACS-Glaucoma-2122,EyePACS-Glaucoma,1,0.99998045,1
BEH-29,BEH,1,0.94821095,1
ORIGA-48,ORIGA,0,0.47024077,0
EyePACS-Glaucoma-3128,EyePACS-Glaucoma,1,0.93435156,1
EyePACS-Glaucoma-2522,EyePACS-Glaucoma,1,0.9999544,1
EyePACS-Glaucoma-1419,EyePACS-Glaucoma,1,0.9996362,1
OIA-ODIR-TRAIN-2646,OIA-ODIR-TRAIN,0,0.107685566,0
FIVES-246,FIVES,0,0.5654025,0
EyePACS-Glaucoma-2640,EyePACS-Glaucoma,1,0.9958111,1
OIA-ODIR-TRAIN-778,OIA-ODIR-TRAIN,0,0.179284,0
FIVES-135,FIVES,1,0.13658744,0
G1020-826,G1020,0,0.292327,0
EyePACS-Glaucoma-2771,EyePACS-Glaucoma,1,0.9998187,1
G1020-611,G1020,0,0.31714863,0
FIVES-82,FIVES,1,0.81695056,1
BEH-448,BEH,0,0.38434792,0
OIA-ODIR-TEST-OFFLINE-467,OIA-ODIR-TEST-OFFLINE,0,0.012073025,0
PAPILA-94,PAPILA,0,0.056193568,0
BEH-585,BEH,0,0.07514979,0
EyePACS-Glaucoma-1176,EyePACS-Glaucoma,1,0.9998883,1
OIA-ODIR-TRAIN-492,OIA-ODIR-TRAIN,0,0.023807881,0
G1020-924,G1020,0,0.813946,1
OIA-ODIR-TEST-ONLINE-906,OIA-ODIR-TEST-ONLINE,0,0.74347687,1
EyePACS-Glaucoma-2128,EyePACS-Glaucoma,1,0.9980186,1
OIA-ODIR-TRAIN-1798,OIA-ODIR-TRAIN,0,6.963714e-05,0
sjchoi86-HRF-274,sjchoi86-HRF,0,0.014770744,0
REFUGE1-train-92,REFUGE1-train,0,0.0004223196,0
G1020-517,G1020,1,0.20048036,0
EyePACS-Glaucoma-3154,EyePACS-Glaucoma,1,0.99750817,1
ORIGA-8,ORIGA,0,0.10678147,0
sjchoi86-HRF-88,sjchoi86-HRF,0,0.001338861,0
EyePACS-Glaucoma-2489,EyePACS-Glaucoma,1,0.9999995,1
BEH-415,BEH,0,0.002838539,0
OIA-ODIR-TRAIN-2253,OIA-ODIR-TRAIN,0,3.468056e-05,0
EyePACS-Glaucoma-1305,EyePACS-Glaucoma,1,0.9999867,1
sjchoi86-HRF-54,sjchoi86-HRF,0,0.42566556,0
OIA-ODIR-TRAIN-586,OIA-ODIR-TRAIN,1,0.9821404,1
REFUGE1-train-96,REFUGE1-train,0,0.0006250771,0
OIA-ODIR-TRAIN-3058,OIA-ODIR-TRAIN,0,0.00018099247,0
OIA-ODIR-TRAIN-3246,OIA-ODIR-TRAIN,0,0.00021883732,0
BEH-613,BEH,0,0.22146256,0
OIA-ODIR-TEST-OFFLINE-389,OIA-ODIR-TEST-OFFLINE,0,0.0029764313,0
EyePACS-Glaucoma-390,EyePACS-Glaucoma,1,0.99772453,1
EyePACS-Glaucoma-2728,EyePACS-Glaucoma,1,0.99994427,1
EyePACS-Glaucoma-2500,EyePACS-Glaucoma,1,0.99780595,1
OIA-ODIR-TRAIN-2250,OIA-ODIR-TRAIN,0,0.017852413,0
PAPILA-418,PAPILA,0,0.0053489218,0
OIA-ODIR-TRAIN-555,OIA-ODIR-TRAIN,0,0.0534765,0
PAPILA-177,PAPILA,0,0.014585599,0
OIA-ODIR-TEST-OFFLINE-465,OIA-ODIR-TEST-OFFLINE,0,0.0036002516,0
EyePACS-Glaucoma-1634,EyePACS-Glaucoma,1,0.9998504,1
PAPILA-223,PAPILA,0,0.11233708,0
EyePACS-Glaucoma-3123,EyePACS-Glaucoma,1,0.99773836,1
G1020-887,G1020,0,0.30245972,0
EyePACS-Glaucoma-1922,EyePACS-Glaucoma,1,0.9997505,1
OIA-ODIR-TEST-OFFLINE-444,OIA-ODIR-TEST-OFFLINE,0,0.2503919,0
G1020-243,G1020,0,0.6793993,1
EyePACS-Glaucoma-610,EyePACS-Glaucoma,1,0.9930793,1
REFUGE1-val-138,REFUGE1-val,0,0.00040702277,0
ORIGA-364,ORIGA,0,0.0121267745,0
OIA-ODIR-TEST-OFFLINE-472,OIA-ODIR-TEST-OFFLINE,0,0.0013871121,0
EyePACS-Glaucoma-9,EyePACS-Glaucoma,1,0.99982595,1
OIA-ODIR-TRAIN-780,OIA-ODIR-TRAIN,0,0.29043114,0
OIA-ODIR-TEST-OFFLINE-291,OIA-ODIR-TEST-OFFLINE,0,0.0037102697,0
sjchoi86-HRF-41,sjchoi86-HRF,0,0.47491562,0
FIVES-344,FIVES,0,0.45998943,0
EyePACS-Glaucoma-3113,EyePACS-Glaucoma,1,0.99904823,1
OIA-ODIR-TRAIN-1516,OIA-ODIR-TRAIN,0,0.00033036288,0
OIA-ODIR-TRAIN-2394,OIA-ODIR-TRAIN,0,0.0097034285,0
EyePACS-Glaucoma-1172,EyePACS-Glaucoma,1,0.9999656,1
G1020-1010,G1020,0,0.16205132,0
ORIGA-71,ORIGA,0,0.023267131,0
G1020-256,G1020,0,0.42797124,0
ORIGA-156,ORIGA,0,0.003358135,0
OIA-ODIR-TEST-ONLINE-902,OIA-ODIR-TEST-ONLINE,0,0.00032282728,0
OIA-ODIR-TRAIN-736,OIA-ODIR-TRAIN,0,0.6374622,0
OIA-ODIR-TRAIN-839,OIA-ODIR-TRAIN,0,0.6265726,0
OIA-ODIR-TRAIN-358,OIA-ODIR-TRAIN,0,0.00038707827,0
OIA-ODIR-TRAIN-742,OIA-ODIR-TRAIN,0,0.15771201,0
EyePACS-Glaucoma-521,EyePACS-Glaucoma,1,0.96868753,1
EyePACS-Glaucoma-1376,EyePACS-Glaucoma,1,0.99997044,1
OIA-ODIR-TRAIN-1407,OIA-ODIR-TRAIN,0,0.007763045,0
OIA-ODIR-TRAIN-91,OIA-ODIR-TRAIN,0,3.1090392e-05,0
REFUGE1-train-174,REFUGE1-train,0,0.02165492,0
G1020-314,G1020,0,0.38876596,0
OIA-ODIR-TEST-ONLINE-430,OIA-ODIR-TEST-ONLINE,0,0.0048637153,0
G1020-375,G1020,0,0.49338555,0
G1020-927,G1020,0,0.22911765,0
DRISHTI-GS1-test-51,DRISHTI-GS1-test,0,0.008280219,0
OIA-ODIR-TEST-ONLINE-826,OIA-ODIR-TEST-ONLINE,0,0.2125658,0
OIA-ODIR-TRAIN-2098,OIA-ODIR-TRAIN,0,0.0017829163,0
REFUGE1-train-342,REFUGE1-train,0,0.00524008,0
EyePACS-Glaucoma-2081,EyePACS-Glaucoma,1,0.9999632,1
OIA-ODIR-TRAIN-436,OIA-ODIR-TRAIN,0,0.00028768196,0
REFUGE1-train-235,REFUGE1-train,0,0.002614741,0
FIVES-25,FIVES,1,0.8322694,1
EyePACS-Glaucoma-852,EyePACS-Glaucoma,1,0.99951816,1
EyePACS-Glaucoma-1602,EyePACS-Glaucoma,1,0.9999954,1
BEH-119,BEH,1,0.47711957,0
BEH-502,BEH,0,0.71125585,1
OIA-ODIR-TRAIN-929,OIA-ODIR-TRAIN,0,0.17014252,0
EyePACS-Glaucoma-1022,EyePACS-Glaucoma,1,0.9999944,1
OIA-ODIR-TRAIN-2088,OIA-ODIR-TRAIN,0,0.0067401333,0
OIA-ODIR-TRAIN-33,OIA-ODIR-TRAIN,0,0.0009433923,0
OIA-ODIR-TRAIN-877,OIA-ODIR-TRAIN,0,0.0008567169,0
BEH-97,BEH,1,0.34800297,0
REFUGE1-val-278,REFUGE1-val,0,0.0070771147,0
OIA-ODIR-TRAIN-1235,OIA-ODIR-TRAIN,0,0.0006056956,0
OIA-ODIR-TRAIN-1941,OIA-ODIR-TRAIN,0,0.0011650189,0
REFUGE1-train-362,REFUGE1-train,0,0.00013367411,0
OIA-ODIR-TRAIN-104,OIA-ODIR-TRAIN,0,0.016394664,0
sjchoi86-HRF-69,sjchoi86-HRF,0,0.0034918808,0
EyePACS-Glaucoma-2912,EyePACS-Glaucoma,1,0.99019456,1
ORIGA-227,ORIGA,0,0.024670493,0
G1020-597,G1020,0,0.42386812,0
OIA-ODIR-TRAIN-1415,OIA-ODIR-TRAIN,0,0.019941622,0
EyePACS-Glaucoma-1997,EyePACS-Glaucoma,1,0.9994209,1
ORIGA-159,ORIGA,1,0.9740689,1
BEH-74,BEH,1,0.82609916,1
G1020-902,G1020,0,0.18563437,0
REFUGE1-train-320,REFUGE1-train,0,0.0013954107,0
BEH-170,BEH,1,0.75966716,1
OIA-ODIR-TRAIN-2929,OIA-ODIR-TRAIN,0,0.0047799097,0
EyePACS-Glaucoma-1841,EyePACS-Glaucoma,1,0.9992428,1
EyePACS-Glaucoma-1640,EyePACS-Glaucoma,1,0.9999969,1
FIVES-254,FIVES,0,0.20498633,0
EyePACS-Glaucoma-1573,EyePACS-Glaucoma,1,0.97668386,1
EyePACS-Glaucoma-2741,EyePACS-Glaucoma,1,0.9999942,1
OIA-ODIR-TRAIN-783,OIA-ODIR-TRAIN,0,0.12098638,0
REFUGE1-val-168,REFUGE1-val,0,0.001971326,0
EyePACS-Glaucoma-2007,EyePACS-Glaucoma,1,0.99996024,1
OIA-ODIR-TRAIN-886,OIA-ODIR-TRAIN,0,0.8857165,1
OIA-ODIR-TRAIN-2490,OIA-ODIR-TRAIN,0,0.50089186,0
G1020-33,G1020,0,0.6090909,0
EyePACS-Glaucoma-38,EyePACS-Glaucoma,1,0.998204,1
EyePACS-Glaucoma-599,EyePACS-Glaucoma,1,0.9956971,1
EyePACS-Glaucoma-20,EyePACS-Glaucoma,1,0.97092617,1
FIVES-140,FIVES,1,0.39824653,0
OIA-ODIR-TEST-ONLINE-540,OIA-ODIR-TEST-ONLINE,0,0.002000004,0
EyePACS-Glaucoma-2629,EyePACS-Glaucoma,1,0.99957716,1
OIA-ODIR-TEST-ONLINE-206,OIA-ODIR-TEST-ONLINE,0,0.035715304,0
EyePACS-Glaucoma-2806,EyePACS-Glaucoma,1,0.9999442,1
OIA-ODIR-TRAIN-2753,OIA-ODIR-TRAIN,0,0.0008171452,0
OIA-ODIR-TEST-OFFLINE-375,OIA-ODIR-TEST-OFFLINE,0,0.19047186,0
OIA-ODIR-TRAIN-2953,OIA-ODIR-TRAIN,0,0.00029831554,0
OIA-ODIR-TRAIN-686,OIA-ODIR-TRAIN,0,0.066660434,0
EyePACS-Glaucoma-61,EyePACS-Glaucoma,1,0.99621236,1
EyePACS-Glaucoma-1793,EyePACS-Glaucoma,1,0.99965876,1
EyePACS-Glaucoma-1737,EyePACS-Glaucoma,1,0.99918985,1
G1020-102,G1020,0,0.7112601,1
EyePACS-Glaucoma-1888,EyePACS-Glaucoma,1,0.993468,1
OIA-ODIR-TEST-OFFLINE-404,OIA-ODIR-TEST-OFFLINE,0,0.65954626,0
REFUGE1-val-74,REFUGE1-val,0,0.00024747045,0
EyePACS-Glaucoma-2547,EyePACS-Glaucoma,1,0.9999844,1
OIA-ODIR-TRAIN-2867,OIA-ODIR-TRAIN,0,0.0086833825,0
EyePACS-Glaucoma-1006,EyePACS-Glaucoma,1,0.99867356,1
OIA-ODIR-TRAIN-2841,OIA-ODIR-TRAIN,0,0.8336536,1
OIA-ODIR-TRAIN-568,OIA-ODIR-TRAIN,1,0.8270358,1
EyePACS-Glaucoma-434,EyePACS-Glaucoma,1,0.9987997,1
EyePACS-Glaucoma-1216,EyePACS-Glaucoma,1,0.9978876,1
sjchoi86-HRF-364,sjchoi86-HRF,1,0.0031927067,0
G1020-523,G1020,0,0.32878643,0
G1020-953,G1020,0,0.4210258,0
BEH-107,BEH,1,0.99142766,1
ORIGA-57,ORIGA,0,0.40400767,0
OIA-ODIR-TRAIN-959,OIA-ODIR-TRAIN,0,0.00013740658,0
OIA-ODIR-TRAIN-1891,OIA-ODIR-TRAIN,0,0.009632407,0
EyePACS-Glaucoma-1957,EyePACS-Glaucoma,1,0.9999694,1
OIA-ODIR-TRAIN-1431,OIA-ODIR-TRAIN,0,0.0027211506,0
G1020-213,G1020,0,0.78378785,1
PAPILA-46,PAPILA,1,0.889192,1
EyePACS-Glaucoma-360,EyePACS-Glaucoma,1,0.99921393,1
EyePACS-Glaucoma-2200,EyePACS-Glaucoma,1,0.9815389,1
OIA-ODIR-TRAIN-1002,OIA-ODIR-TRAIN,0,0.002685492,0
ORIGA-161,ORIGA,0,0.3604253,0
EyePACS-Glaucoma-460,EyePACS-Glaucoma,1,0.9999756,1
OIA-ODIR-TRAIN-1406,OIA-ODIR-TRAIN,0,0.00034534506,0
PAPILA-434,PAPILA,0,0.011513461,0
OIA-ODIR-TEST-ONLINE-666,OIA-ODIR-TEST-ONLINE,0,0.23906387,0
OIA-ODIR-TEST-ONLINE-644,OIA-ODIR-TEST-ONLINE,0,0.061831012,0
EyePACS-Glaucoma-2120,EyePACS-Glaucoma,1,0.99821055,1
G1020-538,G1020,0,0.0060994523,0
OIA-ODIR-TRAIN-447,OIA-ODIR-TRAIN,0,0.00010066654,0
G1020-913,G1020,0,0.5040362,0
sjchoi86-HRF-152,sjchoi86-HRF,0,0.30509785,0
OIA-ODIR-TEST-ONLINE-555,OIA-ODIR-TEST-ONLINE,0,0.00043505977,0
REFUGE1-val-316,REFUGE1-val,0,0.005986857,0
PAPILA-296,PAPILA,1,0.36528522,0
EyePACS-Glaucoma-1650,EyePACS-Glaucoma,1,0.9821006,1
OIA-ODIR-TEST-OFFLINE-88,OIA-ODIR-TEST-OFFLINE,0,0.009459542,0
HRF-22,HRF,0,0.37919167,0
EyePACS-Glaucoma-2021,EyePACS-Glaucoma,1,0.9999875,1
OIA-ODIR-TRAIN-153,OIA-ODIR-TRAIN,0,0.00011160158,0
OIA-ODIR-TRAIN-2298,OIA-ODIR-TRAIN,0,0.0003260859,0
EyePACS-Glaucoma-959,EyePACS-Glaucoma,1,0.99990857,1
REFUGE1-train-109,REFUGE1-train,0,0.00513811,0
OIA-ODIR-TEST-ONLINE-650,OIA-ODIR-TEST-ONLINE,0,0.9093081,1
OIA-ODIR-TRAIN-2106,OIA-ODIR-TRAIN,0,0.00028260864,0
EyePACS-Glaucoma-2834,EyePACS-Glaucoma,1,0.9988357,1
OIA-ODIR-TRAIN-681,OIA-ODIR-TRAIN,0,0.14452878,0
EyePACS-Glaucoma-428,EyePACS-Glaucoma,1,0.99997634,1
EyePACS-Glaucoma-2051,EyePACS-Glaucoma,1,0.9998794,1
OIA-ODIR-TEST-ONLINE-899,OIA-ODIR-TEST-ONLINE,0,0.0046884906,0
REFUGE1-val-93,REFUGE1-val,0,3.849688e-05,0
REFUGE1-val-353,REFUGE1-val,0,0.00024717773,0
EyePACS-Glaucoma-1639,EyePACS-Glaucoma,1,0.9998574,1
EyePACS-Glaucoma-1309,EyePACS-Glaucoma,1,0.9999101,1
EyePACS-Glaucoma-1254,EyePACS-Glaucoma,1,0.99905074,1
OIA-ODIR-TRAIN-1126,OIA-ODIR-TRAIN,0,1.6943754e-05,0
EyePACS-Glaucoma-2798,EyePACS-Glaucoma,1,0.9999466,1
EyePACS-Glaucoma-1869,EyePACS-Glaucoma,1,0.99536127,1
BEH-259,BEH,0,0.0076283067,0
OIA-ODIR-TRAIN-2559,OIA-ODIR-TRAIN,0,0.00052218395,0
OIA-ODIR-TEST-ONLINE-433,OIA-ODIR-TEST-ONLINE,0,0.006031283,0
sjchoi86-HRF-56,sjchoi86-HRF,0,0.044219583,0
OIA-ODIR-TRAIN-1849,OIA-ODIR-TRAIN,0,0.0041217417,0
EyePACS-Glaucoma-665,EyePACS-Glaucoma,1,0.9940386,1
OIA-ODIR-TRAIN-340,OIA-ODIR-TRAIN,0,0.000121486875,0
OIA-ODIR-TEST-ONLINE-5,OIA-ODIR-TEST-ONLINE,0,0.92906237,1
EyePACS-Glaucoma-3176,EyePACS-Glaucoma,1,0.9999809,1
PAPILA-114,PAPILA,0,0.022446057,0
BEH-511,BEH,0,0.0386503,0
OIA-ODIR-TEST-ONLINE-127,OIA-ODIR-TEST-ONLINE,0,0.2498142,0
OIA-ODIR-TRAIN-1801,OIA-ODIR-TRAIN,0,0.0076524066,0
OIA-ODIR-TEST-ONLINE-207,OIA-ODIR-TEST-ONLINE,0,0.058621734,0
BEH-224,BEH,0,0.2435471,0
sjchoi86-HRF-377,sjchoi86-HRF,1,0.9916327,1
CRFO-v4-73,CRFO-v4,0,0.65242684,0
BEH-429,BEH,0,0.34644076,0
OIA-ODIR-TEST-OFFLINE-248,OIA-ODIR-TEST-OFFLINE,0,0.008674621,0
REFUGE1-val-73,REFUGE1-val,0,9.0915375e-05,0
OIA-ODIR-TEST-ONLINE-450,OIA-ODIR-TEST-ONLINE,0,0.18012092,0
EyePACS-Glaucoma-2847,EyePACS-Glaucoma,1,0.99962676,1
EyePACS-Glaucoma-2254,EyePACS-Glaucoma,1,0.99998033,1
PAPILA-3,PAPILA,1,0.9513871,1
EyePACS-Glaucoma-2084,EyePACS-Glaucoma,1,0.99998385,1
EyePACS-Glaucoma-1094,EyePACS-Glaucoma,1,0.9991168,1
OIA-ODIR-TRAIN-1976,OIA-ODIR-TRAIN,0,0.0028532704,0
OIA-ODIR-TEST-ONLINE-894,OIA-ODIR-TEST-ONLINE,0,0.03571561,0
EyePACS-Glaucoma-1040,EyePACS-Glaucoma,1,0.95985246,1
OIA-ODIR-TRAIN-3124,OIA-ODIR-TRAIN,0,0.09291195,0
REFUGE1-val-170,REFUGE1-val,0,0.00036995014,0
EyePACS-Glaucoma-2472,EyePACS-Glaucoma,1,0.99998194,1
FIVES-400,FIVES,0,0.0031159832,0
G1020-943,G1020,1,0.90535784,1
FIVES-238,FIVES,0,0.028504666,0
PAPILA-471,PAPILA,0,0.05760107,0
OIA-ODIR-TRAIN-1807,OIA-ODIR-TRAIN,0,0.021690173,0
ORIGA-68,ORIGA,0,0.18512377,0
OIA-ODIR-TRAIN-2166,OIA-ODIR-TRAIN,0,0.001858044,0
OIA-ODIR-TEST-ONLINE-25,OIA-ODIR-TEST-ONLINE,0,0.00022710013,0
PAPILA-440,PAPILA,0,0.06463468,0
OIA-ODIR-TRAIN-312,OIA-ODIR-TRAIN,0,0.05200368,0
ORIGA-419,ORIGA,1,0.72422045,1
ORIGA-385,ORIGA,1,0.85935974,1
EyePACS-Glaucoma-2481,EyePACS-Glaucoma,1,0.0017899238,0
EyePACS-Glaucoma-1559,EyePACS-Glaucoma,1,0.9998745,1
DR-HAGIS-6,DR-HAGIS,1,0.28314155,0
OIA-ODIR-TRAIN-2418,OIA-ODIR-TRAIN,0,0.003431423,0
BEH-133,BEH,1,0.44524255,0
OIA-ODIR-TRAIN-1831,OIA-ODIR-TRAIN,0,0.0013873866,0
EyePACS-Glaucoma-619,EyePACS-Glaucoma,1,0.99674475,1
BEH-323,BEH,0,0.042801358,0
EyePACS-Glaucoma-2187,EyePACS-Glaucoma,1,0.9998711,1
OIA-ODIR-TEST-ONLINE-550,OIA-ODIR-TEST-ONLINE,0,0.0017727131,0
EyePACS-Glaucoma-3036,EyePACS-Glaucoma,1,0.99999803,1
EyePACS-Glaucoma-258,EyePACS-Glaucoma,1,0.99989045,1
BEH-435,BEH,0,0.65405,0
OIA-ODIR-TRAIN-2718,OIA-ODIR-TRAIN,0,0.0014007326,0
JSIEC-1000-27,JSIEC-1000,0,0.036373645,0
OIA-ODIR-TEST-ONLINE-248,OIA-ODIR-TEST-ONLINE,0,0.00019978563,0
EyePACS-Glaucoma-102,EyePACS-Glaucoma,1,0.99994934,1
PAPILA-90,PAPILA,0,0.06247589,0
OIA-ODIR-TRAIN-2449,OIA-ODIR-TRAIN,0,0.0006242324,0
ORIGA-518,ORIGA,0,0.4011795,0
OIA-ODIR-TEST-ONLINE-280,OIA-ODIR-TEST-ONLINE,0,0.3418747,0
OIA-ODIR-TRAIN-943,OIA-ODIR-TRAIN,0,0.0062638903,0
EyePACS-Glaucoma-862,EyePACS-Glaucoma,1,0.98596466,1
REFUGE1-train-71,REFUGE1-train,0,0.0005588706,0
FIVES-215,FIVES,0,0.2004501,0
OIA-ODIR-TRAIN-1625,OIA-ODIR-TRAIN,0,0.00012498224,0
ORIGA-467,ORIGA,0,0.02107029,0
EyePACS-Glaucoma-709,EyePACS-Glaucoma,1,0.9999812,1
EyePACS-Glaucoma-42,EyePACS-Glaucoma,1,0.9999727,1
OIA-ODIR-TRAIN-1586,OIA-ODIR-TRAIN,0,0.0011106252,0
BEH-173,BEH,0,0.22319385,0
OIA-ODIR-TEST-ONLINE-140,OIA-ODIR-TEST-ONLINE,1,0.9957988,1
REFUGE1-train-328,REFUGE1-train,0,0.49305832,0
OIA-ODIR-TRAIN-1969,OIA-ODIR-TRAIN,0,0.0014808013,0
REFUGE1-train-100,REFUGE1-train,0,0.0072339494,0
PAPILA-99,PAPILA,0,0.13084805,0
BEH-206,BEH,0,0.017420262,0
OIA-ODIR-TEST-OFFLINE-415,OIA-ODIR-TEST-OFFLINE,0,0.037196457,0
ORIGA-182,ORIGA,1,0.99116886,1
EyePACS-Glaucoma-235,EyePACS-Glaucoma,1,0.99993616,1
EyePACS-Glaucoma-1683,EyePACS-Glaucoma,1,0.9932915,1
BEH-230,BEH,0,0.008863589,0
OIA-ODIR-TRAIN-1566,OIA-ODIR-TRAIN,0,0.0016892955,0
EyePACS-Glaucoma-24,EyePACS-Glaucoma,1,0.9624503,1
EyePACS-Glaucoma-772,EyePACS-Glaucoma,1,0.9916408,1
OIA-ODIR-TRAIN-2123,OIA-ODIR-TRAIN,0,0.003956678,0
OIA-ODIR-TRAIN-910,OIA-ODIR-TRAIN,0,0.3284145,0
OIA-ODIR-TRAIN-559,OIA-ODIR-TRAIN,1,0.17860983,0
PAPILA-210,PAPILA,0,0.010348673,0
G1020-743,G1020,1,0.8208213,1
OIA-ODIR-TRAIN-2198,OIA-ODIR-TRAIN,0,0.01657174,0
OIA-ODIR-TRAIN-1263,OIA-ODIR-TRAIN,0,0.0016646875,0
ORIGA-575,ORIGA,0,0.010007802,0
OIA-ODIR-TRAIN-269,OIA-ODIR-TRAIN,0,0.0100388415,0
G1020-997,G1020,0,0.27556983,0
OIA-ODIR-TRAIN-1153,OIA-ODIR-TRAIN,0,0.0002155386,0
FIVES-390,FIVES,0,0.15788674,0
EyePACS-Glaucoma-3233,EyePACS-Glaucoma,1,0.9908383,1
OIA-ODIR-TEST-ONLINE-132,OIA-ODIR-TEST-ONLINE,0,0.96451116,1
ORIGA-346,ORIGA,0,0.011877822,0
G1020-651,G1020,1,0.38791603,0
FIVES-63,FIVES,1,0.9760823,1
G1020-708,G1020,1,0.34176946,0
EyePACS-Glaucoma-564,EyePACS-Glaucoma,1,0.9980095,1
sjchoi86-HRF-345,sjchoi86-HRF,1,0.031283997,0
EyePACS-Glaucoma-1295,EyePACS-Glaucoma,1,0.99970186,1
OIA-ODIR-TRAIN-2349,OIA-ODIR-TRAIN,0,8.1756036e-05,0
REFUGE1-val-318,REFUGE1-val,0,3.7038953e-05,0
BEH-615,BEH,0,0.22109732,0
EyePACS-Glaucoma-2342,EyePACS-Glaucoma,1,0.996698,1
EyePACS-Glaucoma-2669,EyePACS-Glaucoma,1,0.9920391,1
REFUGE1-val-129,REFUGE1-val,0,0.00066830113,0
EyePACS-Glaucoma-2922,EyePACS-Glaucoma,1,0.9970354,1
EyePACS-Glaucoma-1971,EyePACS-Glaucoma,1,0.998744,1
OIA-ODIR-TRAIN-2315,OIA-ODIR-TRAIN,0,0.0006809799,0
OIA-ODIR-TRAIN-901,OIA-ODIR-TRAIN,0,0.070391715,0
OIA-ODIR-TRAIN-1906,OIA-ODIR-TRAIN,0,0.00028539868,0
EyePACS-Glaucoma-2026,EyePACS-Glaucoma,1,0.50321877,0
OIA-ODIR-TEST-OFFLINE-132,OIA-ODIR-TEST-OFFLINE,0,0.017082265,0
EyePACS-Glaucoma-1541,EyePACS-Glaucoma,1,0.99999964,1
EyePACS-Glaucoma-3047,EyePACS-Glaucoma,1,0.99982476,1
PAPILA-17,PAPILA,1,0.9943886,1
OIA-ODIR-TRAIN-1164,OIA-ODIR-TRAIN,0,0.00056246814,0
G1020-933,G1020,0,0.9542804,1
OIA-ODIR-TRAIN-2722,OIA-ODIR-TRAIN,0,0.002787292,0
OIA-ODIR-TEST-ONLINE-512,OIA-ODIR-TEST-ONLINE,0,0.01679352,0
G1020-549,G1020,0,0.3950609,0
OIA-ODIR-TRAIN-1549,OIA-ODIR-TRAIN,0,0.0006388294,0
ORIGA-333,ORIGA,0,0.035123058,0
OIA-ODIR-TRAIN-3000,OIA-ODIR-TRAIN,0,0.036052443,0
OIA-ODIR-TRAIN-2125,OIA-ODIR-TRAIN,0,0.05799655,0
REFUGE1-val-256,REFUGE1-val,0,0.00010123498,0
OIA-ODIR-TRAIN-538,OIA-ODIR-TRAIN,1,0.992049,1
sjchoi86-HRF-169,sjchoi86-HRF,0,0.8741121,1
G1020-463,G1020,1,0.5453976,0
EyePACS-Glaucoma-1959,EyePACS-Glaucoma,1,0.99984723,1
OIA-ODIR-TRAIN-470,OIA-ODIR-TRAIN,0,0.0026006745,0
OIA-ODIR-TEST-OFFLINE-103,OIA-ODIR-TEST-OFFLINE,1,0.99559534,1
ORIGA-558,ORIGA,1,0.466169,0
EyePACS-Glaucoma-1002,EyePACS-Glaucoma,1,0.8665983,1
sjchoi86-HRF-327,sjchoi86-HRF,1,0.97836626,1
OIA-ODIR-TRAIN-2727,OIA-ODIR-TRAIN,0,0.003653228,0
OIA-ODIR-TRAIN-412,OIA-ODIR-TRAIN,0,0.00059427443,0
CRFO-v4-3,CRFO-v4,1,0.62901956,0
BEH-622,BEH,0,0.22389998,0
OIA-ODIR-TRAIN-722,OIA-ODIR-TRAIN,1,0.99512374,1
OIA-ODIR-TEST-OFFLINE-16,OIA-ODIR-TEST-OFFLINE,0,0.011458866,0
OIA-ODIR-TEST-OFFLINE-108,OIA-ODIR-TEST-OFFLINE,1,0.281625,0
OIA-ODIR-TRAIN-854,OIA-ODIR-TRAIN,0,0.10028784,0
OIA-ODIR-TRAIN-1379,OIA-ODIR-TRAIN,0,0.00026255823,0
BEH-278,BEH,0,0.32935673,0
EyePACS-Glaucoma-542,EyePACS-Glaucoma,1,0.9989028,1
OIA-ODIR-TRAIN-767,OIA-ODIR-TRAIN,1,0.97099215,1
EyePACS-Glaucoma-986,EyePACS-Glaucoma,1,0.9999728,1
EyePACS-Glaucoma-2043,EyePACS-Glaucoma,1,0.9995488,1
OIA-ODIR-TRAIN-1515,OIA-ODIR-TRAIN,0,0.0032143681,0
OIA-ODIR-TRAIN-1541,OIA-ODIR-TRAIN,0,0.01097956,0
OIA-ODIR-TEST-ONLINE-148,OIA-ODIR-TEST-ONLINE,1,0.98689616,1
G1020-958,G1020,0,0.52731514,0
EyePACS-Glaucoma-2700,EyePACS-Glaucoma,1,0.99998826,1
EyePACS-Glaucoma-933,EyePACS-Glaucoma,1,0.9985495,1
FIVES-231,FIVES,0,0.34497917,0
OIA-ODIR-TRAIN-930,OIA-ODIR-TRAIN,0,0.027922472,0
OIA-ODIR-TRAIN-2446,OIA-ODIR-TRAIN,0,0.0019417407,0
EyePACS-Glaucoma-85,EyePACS-Glaucoma,1,0.99988556,1
OIA-ODIR-TRAIN-1342,OIA-ODIR-TRAIN,0,0.00047250092,0
REFUGE1-train-244,REFUGE1-train,0,0.0013818005,0
EyePACS-Glaucoma-1978,EyePACS-Glaucoma,1,0.029321862,0
OIA-ODIR-TRAIN-2040,OIA-ODIR-TRAIN,0,0.001304729,0
ORIGA-208,ORIGA,1,0.5794879,0
BEH-20,BEH,1,0.5331844,0
REFUGE1-train-29,REFUGE1-train,1,0.99239576,1
OIA-ODIR-TRAIN-2504,OIA-ODIR-TRAIN,0,0.0030558084,0
G1020-247,G1020,0,0.26691052,0
BEH-124,BEH,1,0.6843723,1
EyePACS-Glaucoma-2715,EyePACS-Glaucoma,1,0.9998825,1
G1020-916,G1020,0,0.22959113,0
OIA-ODIR-TEST-ONLINE-549,OIA-ODIR-TEST-ONLINE,0,0.020879202,0
OIA-ODIR-TEST-OFFLINE-47,OIA-ODIR-TEST-OFFLINE,0,0.019072492,0
OIA-ODIR-TRAIN-265,OIA-ODIR-TRAIN,0,1.4430642e-05,0
OIA-ODIR-TRAIN-862,OIA-ODIR-TRAIN,0,0.00010177999,0
FIVES-89,FIVES,1,0.99853384,1
EyePACS-Glaucoma-1450,EyePACS-Glaucoma,1,0.9993863,1
OIA-ODIR-TEST-OFFLINE-420,OIA-ODIR-TEST-OFFLINE,0,0.00028929472,0
OIA-ODIR-TEST-OFFLINE-203,OIA-ODIR-TEST-OFFLINE,0,0.00011938963,0
FIVES-207,FIVES,0,0.041770972,0
PAPILA-474,PAPILA,0,0.015764166,0
OIA-ODIR-TEST-ONLINE-288,OIA-ODIR-TEST-ONLINE,0,0.7594223,1
FIVES-137,FIVES,1,0.8934992,1
G1020-666,G1020,0,0.3349035,0
G1020-613,G1020,0,0.59520495,0
EyePACS-Glaucoma-2093,EyePACS-Glaucoma,1,0.99998856,1
OIA-ODIR-TRAIN-2087,OIA-ODIR-TRAIN,0,0.025853394,0
G1020-349,G1020,1,0.5841025,0
EyePACS-Glaucoma-996,EyePACS-Glaucoma,1,0.997976,1
ORIGA-421,ORIGA,0,0.21744663,0
ORIGA-93,ORIGA,1,0.9222422,1
EyePACS-Glaucoma-2005,EyePACS-Glaucoma,1,0.996199,1
G1020-851,G1020,0,0.56710356,0
BEH-516,BEH,0,0.14531319,0
OIA-ODIR-TRAIN-316,OIA-ODIR-TRAIN,0,0.0041801315,0
EyePACS-Glaucoma-2677,EyePACS-Glaucoma,1,0.99997985,1
EyePACS-Glaucoma-43,EyePACS-Glaucoma,1,0.9992775,1
EyePACS-Glaucoma-867,EyePACS-Glaucoma,1,0.9999483,1
BEH-87,BEH,1,0.44540977,0
OIA-ODIR-TEST-OFFLINE-438,OIA-ODIR-TEST-OFFLINE,0,0.006346611,0
EyePACS-Glaucoma-3221,EyePACS-Glaucoma,1,0.9999824,1
OIA-ODIR-TRAIN-2039,OIA-ODIR-TRAIN,0,0.0020522538,0
EyePACS-Glaucoma-256,EyePACS-Glaucoma,1,0.9918251,1
EyePACS-Glaucoma-1941,EyePACS-Glaucoma,1,0.9987712,1
OIA-ODIR-TRAIN-2471,OIA-ODIR-TRAIN,0,0.045341015,0
OIA-ODIR-TEST-ONLINE-32,OIA-ODIR-TEST-ONLINE,0,0.00012667791,0
EyePACS-Glaucoma-2671,EyePACS-Glaucoma,1,0.99866045,1
REFUGE1-train-124,REFUGE1-train,0,0.014854369,0
sjchoi86-HRF-266,sjchoi86-HRF,0,0.02992497,0
EyePACS-Glaucoma-1052,EyePACS-Glaucoma,1,0.9999848,1
OIA-ODIR-TRAIN-1953,OIA-ODIR-TRAIN,0,0.0004049248,0
OIA-ODIR-TRAIN-2188,OIA-ODIR-TRAIN,0,0.0029331476,0
ORIGA-251,ORIGA,0,0.039291725,0
EyePACS-Glaucoma-3108,EyePACS-Glaucoma,1,0.9999937,1
ORIGA-261,ORIGA,0,0.033283778,0
EyePACS-Glaucoma-678,EyePACS-Glaucoma,1,0.9783407,1
EyePACS-Glaucoma-1515,EyePACS-Glaucoma,1,0.99996746,1
EyePACS-Glaucoma-1326,EyePACS-Glaucoma,1,0.9999203,1
EyePACS-Glaucoma-2989,EyePACS-Glaucoma,1,0.9999759,1
EyePACS-Glaucoma-2740,EyePACS-Glaucoma,1,0.9947475,1
OIA-ODIR-TRAIN-700,OIA-ODIR-TRAIN,1,0.049198095,0
OIA-ODIR-TEST-ONLINE-813,OIA-ODIR-TEST-ONLINE,0,0.0010970151,0
EyePACS-Glaucoma-2779,EyePACS-Glaucoma,1,0.9930924,1
G1020-470,G1020,0,0.460844,0
OIA-ODIR-TRAIN-758,OIA-ODIR-TRAIN,0,0.06445579,0
G1020-732,G1020,0,0.3855067,0
OIA-ODIR-TRAIN-1390,OIA-ODIR-TRAIN,0,0.01253633,0
EyePACS-Glaucoma-2413,EyePACS-Glaucoma,1,0.9987639,1
OIA-ODIR-TRAIN-1900,OIA-ODIR-TRAIN,0,0.007746203,0
OIA-ODIR-TRAIN-942,OIA-ODIR-TRAIN,0,0.0063364757,0
EyePACS-Glaucoma-2268,EyePACS-Glaucoma,1,0.9840927,1
EyePACS-Glaucoma-2199,EyePACS-Glaucoma,1,0.99998987,1
EyePACS-Glaucoma-1111,EyePACS-Glaucoma,1,0.99353975,1
EyePACS-Glaucoma-1293,EyePACS-Glaucoma,1,0.98236346,1
OIA-ODIR-TRAIN-2575,OIA-ODIR-TRAIN,0,0.1454451,0
EyePACS-Glaucoma-1354,EyePACS-Glaucoma,1,0.99894565,1
OIA-ODIR-TRAIN-2711,OIA-ODIR-TRAIN,0,0.003248008,0
EyePACS-Glaucoma-2699,EyePACS-Glaucoma,1,0.99999994,1
EyePACS-Glaucoma-2467,EyePACS-Glaucoma,1,0.99984574,1
EyePACS-Glaucoma-710,EyePACS-Glaucoma,1,0.9998268,1
FIVES-96,FIVES,1,0.82943845,1
EyePACS-Glaucoma-2126,EyePACS-Glaucoma,1,0.999623,1
OIA-ODIR-TEST-OFFLINE-197,OIA-ODIR-TEST-OFFLINE,0,0.0023508917,0
DRISHTI-GS1-test-28,DRISHTI-GS1-test,1,0.07214391,0
EyePACS-Glaucoma-363,EyePACS-Glaucoma,1,0.9999509,1
EyePACS-Glaucoma-1130,EyePACS-Glaucoma,1,0.99991745,1
sjchoi86-HRF-1,sjchoi86-HRF,0,0.796644,1
OIA-ODIR-TRAIN-66,OIA-ODIR-TRAIN,0,0.02335468,0
OIA-ODIR-TRAIN-3102,OIA-ODIR-TRAIN,0,0.0037182902,0
EyePACS-Glaucoma-1336,EyePACS-Glaucoma,1,0.9999388,1
BEH-413,BEH,0,0.18191922,0
OIA-ODIR-TRAIN-1206,OIA-ODIR-TRAIN,0,0.016263058,0
ORIGA-435,ORIGA,0,0.12555303,0
OIA-ODIR-TRAIN-1167,OIA-ODIR-TRAIN,0,0.0003594326,0
BEH-442,BEH,0,0.21387449,0
LES-AV-16,LES-AV,0,0.9896698,1
OIA-ODIR-TRAIN-3031,OIA-ODIR-TRAIN,0,0.00029971593,0
DRISHTI-GS1-train-43,DRISHTI-GS1-train,1,0.9911138,1
OIA-ODIR-TRAIN-1395,OIA-ODIR-TRAIN,0,0.003049242,0
EyePACS-Glaucoma-1848,EyePACS-Glaucoma,1,0.99475384,1
EyePACS-Glaucoma-708,EyePACS-Glaucoma,1,0.99848247,1
EyePACS-Glaucoma-572,EyePACS-Glaucoma,1,0.99756277,1
ORIGA-134,ORIGA,0,0.30665392,0
OIA-ODIR-TRAIN-2152,OIA-ODIR-TRAIN,0,9.3297946e-05,0
OIA-ODIR-TRAIN-712,OIA-ODIR-TRAIN,1,0.96103334,1
EyePACS-Glaucoma-2343,EyePACS-Glaucoma,1,0.9998104,1
EyePACS-Glaucoma-2029,EyePACS-Glaucoma,1,0.99801755,1
FIVES-391,FIVES,0,0.00027538362,0
OIA-ODIR-TRAIN-1875,OIA-ODIR-TRAIN,0,0.12363197,0
EyePACS-Glaucoma-1762,EyePACS-Glaucoma,1,0.9842527,1
OIA-ODIR-TRAIN-2376,OIA-ODIR-TRAIN,0,0.000964483,0
EyePACS-Glaucoma-2749,EyePACS-Glaucoma,1,0.9998914,1
OIA-ODIR-TRAIN-2013,OIA-ODIR-TRAIN,0,0.060694646,0
G1020-615,G1020,1,0.20048097,0
G1020-867,G1020,1,0.27850774,0
OIA-ODIR-TRAIN-1977,OIA-ODIR-TRAIN,0,0.00083329825,0
REFUGE1-train-98,REFUGE1-train,0,0.0037769666,0
OIA-ODIR-TEST-ONLINE-733,OIA-ODIR-TEST-ONLINE,0,0.0012545598,0
G1020-377,G1020,0,0.49883598,0
EyePACS-Glaucoma-2313,EyePACS-Glaucoma,1,0.9999959,1
sjchoi86-HRF-179,sjchoi86-HRF,0,0.00055744755,0
OIA-ODIR-TRAIN-1825,OIA-ODIR-TRAIN,0,0.0023800873,0
OIA-ODIR-TRAIN-803,OIA-ODIR-TRAIN,0,0.0014974575,0
OIA-ODIR-TRAIN-2799,OIA-ODIR-TRAIN,0,0.0005181794,0
sjchoi86-HRF-227,sjchoi86-HRF,0,0.0022784749,0
EyePACS-Glaucoma-403,EyePACS-Glaucoma,1,0.9989929,1
EyePACS-Glaucoma-494,EyePACS-Glaucoma,1,0.9998524,1
ORIGA-154,ORIGA,0,0.21648493,0
OIA-ODIR-TRAIN-1557,OIA-ODIR-TRAIN,0,0.0026885504,0
EyePACS-Glaucoma-910,EyePACS-Glaucoma,1,0.99993575,1
BEH-377,BEH,0,0.050831288,0
REFUGE1-val-250,REFUGE1-val,0,0.0001000183,0
OIA-ODIR-TRAIN-1814,OIA-ODIR-TRAIN,0,0.010370775,0
OIA-ODIR-TRAIN-3002,OIA-ODIR-TRAIN,0,0.023020122,0
OIA-ODIR-TEST-ONLINE-361,OIA-ODIR-TEST-ONLINE,0,0.0034628522,0
EyePACS-Glaucoma-498,EyePACS-Glaucoma,1,0.99970067,1
OIA-ODIR-TRAIN-1720,OIA-ODIR-TRAIN,0,0.15376079,0
OIA-ODIR-TRAIN-1385,OIA-ODIR-TRAIN,0,0.000459673,0
OIA-ODIR-TEST-ONLINE-120,OIA-ODIR-TEST-ONLINE,0,0.009446183,0
EyePACS-Glaucoma-1854,EyePACS-Glaucoma,1,0.9998183,1
CRFO-v4-2,CRFO-v4,1,0.96903074,1
OIA-ODIR-TRAIN-1622,OIA-ODIR-TRAIN,0,0.0006644428,0
ORIGA-122,ORIGA,0,0.100692704,0
sjchoi86-HRF-388,sjchoi86-HRF,1,0.99242115,1
OIA-ODIR-TEST-OFFLINE-42,OIA-ODIR-TEST-OFFLINE,0,0.6290261,0
OIA-ODIR-TRAIN-760,OIA-ODIR-TRAIN,0,0.000313219,0
OIA-ODIR-TEST-OFFLINE-29,OIA-ODIR-TEST-OFFLINE,0,0.38985616,0
EyePACS-Glaucoma-2984,EyePACS-Glaucoma,1,0.999714,1
sjchoi86-HRF-31,sjchoi86-HRF,0,0.99557287,1
FIVES-46,FIVES,1,0.83819854,1
OIA-ODIR-TRAIN-2754,OIA-ODIR-TRAIN,0,0.00010537319,0
FIVES-111,FIVES,1,0.77487993,1
OIA-ODIR-TRAIN-1067,OIA-ODIR-TRAIN,0,0.00025145544,0
OIA-ODIR-TRAIN-1051,OIA-ODIR-TRAIN,0,0.90635693,1
FIVES-251,FIVES,0,0.042025536,0
OIA-ODIR-TEST-OFFLINE-285,OIA-ODIR-TEST-OFFLINE,0,0.00084238587,0
OIA-ODIR-TRAIN-3005,OIA-ODIR-TRAIN,0,0.00018860883,0
EyePACS-Glaucoma-1618,EyePACS-Glaucoma,1,0.99969786,1
OIA-ODIR-TRAIN-2243,OIA-ODIR-TRAIN,0,0.8310758,1
EyePACS-Glaucoma-1384,EyePACS-Glaucoma,1,0.73799896,1
EyePACS-Glaucoma-1925,EyePACS-Glaucoma,1,0.75330055,1
G1020-935,G1020,0,0.022214465,0
FIVES-273,FIVES,0,0.124810934,0
OIA-ODIR-TRAIN-1606,OIA-ODIR-TRAIN,0,0.005839213,0
G1020-307,G1020,1,0.59874773,0
OIA-ODIR-TEST-ONLINE-439,OIA-ODIR-TEST-ONLINE,0,0.0050397236,0
EyePACS-Glaucoma-3203,EyePACS-Glaucoma,1,0.98642945,1
BEH-12,BEH,1,0.9447756,1
PAPILA-57,PAPILA,1,0.3307624,0
sjchoi86-HRF-39,sjchoi86-HRF,0,0.0020902967,0
EyePACS-Glaucoma-546,EyePACS-Glaucoma,1,0.9999936,1
sjchoi86-HRF-217,sjchoi86-HRF,0,0.018894395,0
OIA-ODIR-TRAIN-2255,OIA-ODIR-TRAIN,0,0.008196801,0
OIA-ODIR-TRAIN-2807,OIA-ODIR-TRAIN,0,0.0005314614,0
EyePACS-Glaucoma-975,EyePACS-Glaucoma,1,0.9138982,1
EyePACS-Glaucoma-3199,EyePACS-Glaucoma,1,0.9998598,1
BEH-260,BEH,0,0.01876552,0
BEH-338,BEH,0,0.09931539,0
sjchoi86-HRF-318,sjchoi86-HRF,1,0.99865556,1
OIA-ODIR-TRAIN-429,OIA-ODIR-TRAIN,0,0.0010031259,0
OIA-ODIR-TEST-ONLINE-326,OIA-ODIR-TEST-ONLINE,0,0.0009244286,0
OIA-ODIR-TRAIN-3104,OIA-ODIR-TRAIN,0,0.095535025,0
G1020-171,G1020,0,0.40747792,0
EyePACS-Glaucoma-2412,EyePACS-Glaucoma,1,0.9996846,1
EyePACS-Glaucoma-1374,EyePACS-Glaucoma,1,0.99999803,1
EyePACS-Glaucoma-707,EyePACS-Glaucoma,1,0.9965911,1
LES-AV-12,LES-AV,0,0.97315735,1
OIA-ODIR-TRAIN-471,OIA-ODIR-TRAIN,0,0.0033119717,0
EyePACS-Glaucoma-1637,EyePACS-Glaucoma,1,0.99978405,1
G1020-978,G1020,1,0.5942158,0
OIA-ODIR-TEST-ONLINE-604,OIA-ODIR-TEST-ONLINE,0,0.0048270924,0
PAPILA-366,PAPILA,0,0.08122124,0
EyePACS-Glaucoma-2475,EyePACS-Glaucoma,1,0.99978983,1
OIA-ODIR-TRAIN-2673,OIA-ODIR-TRAIN,0,0.0030599488,0
EyePACS-Glaucoma-1048,EyePACS-Glaucoma,1,0.9999287,1
ORIGA-19,ORIGA,0,0.0046495195,0
OIA-ODIR-TRAIN-1288,OIA-ODIR-TRAIN,0,0.007110026,0
EyePACS-Glaucoma-1081,EyePACS-Glaucoma,1,0.99941635,1
OIA-ODIR-TRAIN-607,OIA-ODIR-TRAIN,1,0.67810184,1
sjchoi86-HRF-187,sjchoi86-HRF,0,0.0012183242,0
OIA-ODIR-TRAIN-1042,OIA-ODIR-TRAIN,0,0.00021451872,0
ORIGA-554,ORIGA,0,0.008837517,0
REFUGE1-train-42,REFUGE1-train,0,0.00035214255,0
EyePACS-Glaucoma-2679,EyePACS-Glaucoma,1,0.9998704,1
FIVES-133,FIVES,1,0.7059104,1
REFUGE1-train-88,REFUGE1-train,0,0.0026727915,0
sjchoi86-HRF-19,sjchoi86-HRF,0,0.29836124,0
EyePACS-Glaucoma-537,EyePACS-Glaucoma,1,0.9978423,1
OIA-ODIR-TRAIN-1981,OIA-ODIR-TRAIN,0,0.010674712,0
OIA-ODIR-TEST-OFFLINE-214,OIA-ODIR-TEST-OFFLINE,0,0.0005415899,0
OIA-ODIR-TEST-ONLINE-716,OIA-ODIR-TEST-ONLINE,0,0.0033370638,0
REFUGE1-val-155,REFUGE1-val,0,0.0082357535,0
OIA-ODIR-TRAIN-983,OIA-ODIR-TRAIN,0,0.009063478,0
OIA-ODIR-TRAIN-1210,OIA-ODIR-TRAIN,0,0.00052666373,0
EyePACS-Glaucoma-2745,EyePACS-Glaucoma,1,0.99700534,1
G1020-91,G1020,0,0.4118091,0
G1020-40,G1020,1,0.7349243,1
EyePACS-Glaucoma-271,EyePACS-Glaucoma,1,0.9992647,1
JSIEC-1000-28,JSIEC-1000,0,0.0006624488,0
EyePACS-Glaucoma-1471,EyePACS-Glaucoma,1,0.83970267,1
EyePACS-Glaucoma-2578,EyePACS-Glaucoma,1,0.99454767,1
EyePACS-Glaucoma-2928,EyePACS-Glaucoma,1,0.9999993,1
OIA-ODIR-TRAIN-2874,OIA-ODIR-TRAIN,0,0.69046855,1
EyePACS-Glaucoma-2849,EyePACS-Glaucoma,1,0.9999179,1
BEH-112,BEH,1,0.31589448,0
ORIGA-217,ORIGA,0,0.05803726,0
EyePACS-Glaucoma-1292,EyePACS-Glaucoma,1,0.9999864,1
ORIGA-318,ORIGA,0,0.020379275,0
G1020-773,G1020,1,0.5154705,0
EyePACS-Glaucoma-1203,EyePACS-Glaucoma,1,0.18224546,0
sjchoi86-HRF-129,sjchoi86-HRF,0,0.006455686,0
EyePACS-Glaucoma-2244,EyePACS-Glaucoma,1,0.9989721,1
EyePACS-Glaucoma-120,EyePACS-Glaucoma,1,0.99999064,1
sjchoi86-HRF-5,sjchoi86-HRF,0,0.0038009612,0
EyePACS-Glaucoma-613,EyePACS-Glaucoma,1,0.9999567,1
EyePACS-Glaucoma-1122,EyePACS-Glaucoma,1,0.999912,1
G1020-562,G1020,1,0.10843854,0
OIA-ODIR-TRAIN-957,OIA-ODIR-TRAIN,0,0.056112956,0
OIA-ODIR-TEST-ONLINE-699,OIA-ODIR-TEST-ONLINE,0,0.103846565,0
OIA-ODIR-TRAIN-2457,OIA-ODIR-TRAIN,0,3.34401e-06,0
DRISHTI-GS1-test-46,DRISHTI-GS1-test,0,0.008887205,0
EyePACS-Glaucoma-2148,EyePACS-Glaucoma,1,0.99997497,1
OIA-ODIR-TEST-ONLINE-563,OIA-ODIR-TEST-ONLINE,0,0.005490169,0
G1020-118,G1020,0,0.6876377,1
OIA-ODIR-TRAIN-353,OIA-ODIR-TRAIN,0,0.00025628076,0
OIA-ODIR-TRAIN-92,OIA-ODIR-TRAIN,0,0.0012357045,0
REFUGE1-val-346,REFUGE1-val,0,0.0060676606,0
BEH-140,BEH,1,0.9505663,1
FIVES-65,FIVES,1,0.6901698,1
OIA-ODIR-TEST-ONLINE-196,OIA-ODIR-TEST-ONLINE,0,0.0009061908,0
OIA-ODIR-TRAIN-3247,OIA-ODIR-TRAIN,0,0.0043211645,0
PAPILA-414,PAPILA,0,0.107435465,0
EyePACS-Glaucoma-495,EyePACS-Glaucoma,1,0.99997205,1
OIA-ODIR-TRAIN-1369,OIA-ODIR-TRAIN,0,0.0017033324,0
ORIGA-432,ORIGA,1,0.9348392,1
EyePACS-Glaucoma-1760,EyePACS-Glaucoma,1,0.9999797,1
EyePACS-Glaucoma-398,EyePACS-Glaucoma,1,0.99690545,1
OIA-ODIR-TEST-ONLINE-269,OIA-ODIR-TEST-ONLINE,0,0.006614898,0
OIA-ODIR-TRAIN-1341,OIA-ODIR-TRAIN,0,0.00031713303,0
EyePACS-Glaucoma-158,EyePACS-Glaucoma,1,0.99961567,1
sjchoi86-HRF-351,sjchoi86-HRF,1,0.9975349,1
sjchoi86-HRF-244,sjchoi86-HRF,0,0.00019472453,0
OIA-ODIR-TRAIN-2441,OIA-ODIR-TRAIN,0,0.015038686,0
ORIGA-320,ORIGA,0,0.014855994,0
OIA-ODIR-TEST-ONLINE-456,OIA-ODIR-TEST-ONLINE,0,0.028877348,0
OIA-ODIR-TEST-OFFLINE-385,OIA-ODIR-TEST-OFFLINE,0,0.00045769074,0
OIA-ODIR-TRAIN-655,OIA-ODIR-TRAIN,0,0.0011716117,0
G1020-617,G1020,1,0.39620394,0
REFUGE1-val-349,REFUGE1-val,0,0.0010766943,0
EyePACS-Glaucoma-2373,EyePACS-Glaucoma,1,0.99917626,1
OIA-ODIR-TEST-ONLINE-599,OIA-ODIR-TEST-ONLINE,0,0.10211606,0
OIA-ODIR-TRAIN-2146,OIA-ODIR-TRAIN,0,0.034589864,0
G1020-780,G1020,0,0.28119537,0
OIA-ODIR-TEST-ONLINE-461,OIA-ODIR-TEST-ONLINE,0,0.1949212,0
OIA-ODIR-TRAIN-338,OIA-ODIR-TRAIN,0,0.0015861578,0
G1020-805,G1020,1,0.27703005,0
G1020-1006,G1020,1,0.58256865,0
OIA-ODIR-TEST-ONLINE-163,OIA-ODIR-TEST-ONLINE,1,0.8870938,1
EyePACS-Glaucoma-2983,EyePACS-Glaucoma,1,0.99887264,1
OIA-ODIR-TRAIN-2378,OIA-ODIR-TRAIN,0,0.00012869856,0
OIA-ODIR-TRAIN-3110,OIA-ODIR-TRAIN,0,0.002480545,0
REFUGE1-train-103,REFUGE1-train,0,0.0053339284,0
OIA-ODIR-TEST-ONLINE-17,OIA-ODIR-TEST-ONLINE,0,0.014010517,0
DRISHTI-GS1-train-34,DRISHTI-GS1-train,1,0.9921696,1
EyePACS-Glaucoma-887,EyePACS-Glaucoma,1,0.99873674,1
OIA-ODIR-TRAIN-900,OIA-ODIR-TRAIN,0,0.0037608566,0
G1020-227,G1020,0,0.395443,0
EyePACS-Glaucoma-2805,EyePACS-Glaucoma,1,0.9999935,1
REFUGE1-val-232,REFUGE1-val,0,0.00096529984,0
REFUGE1-val-208,REFUGE1-val,1,0.99936795,1
ORIGA-50,ORIGA,1,0.614785,0
OIA-ODIR-TRAIN-637,OIA-ODIR-TRAIN,1,0.68156826,1
OIA-ODIR-TEST-ONLINE-443,OIA-ODIR-TEST-ONLINE,0,6.782818e-05,0
OIA-ODIR-TEST-OFFLINE-312,OIA-ODIR-TEST-OFFLINE,0,0.235436,0
OIA-ODIR-TRAIN-22,OIA-ODIR-TRAIN,0,6.984845e-05,0
FIVES-220,FIVES,0,0.37020838,0
EyePACS-Glaucoma-291,EyePACS-Glaucoma,1,0.9998909,1
G1020-321,G1020,0,0.93348855,1
G1020-852,G1020,0,0.42446256,0
EyePACS-Glaucoma-1718,EyePACS-Glaucoma,1,0.9993979,1
OIA-ODIR-TRAIN-500,OIA-ODIR-TRAIN,1,0.8737085,1
PAPILA-343,PAPILA,0,0.0066699837,0
G1020-900,G1020,0,0.51563305,0
OIA-ODIR-TEST-OFFLINE-401,OIA-ODIR-TEST-OFFLINE,0,0.877678,1
G1020-778,G1020,0,0.040725145,0
ORIGA-415,ORIGA,0,0.016390685,0
REFUGE1-train-181,REFUGE1-train,0,0.005125756,0
OIA-ODIR-TRAIN-1308,OIA-ODIR-TRAIN,0,0.0005935107,0
EyePACS-Glaucoma-1552,EyePACS-Glaucoma,1,0.99947405,1
G1020-29,G1020,0,0.54854095,0
OIA-ODIR-TRAIN-124,OIA-ODIR-TRAIN,0,0.34927663,0
LES-AV-10,LES-AV,1,0.9100454,1
ORIGA-283,ORIGA,1,0.26263458,0
EyePACS-Glaucoma-2856,EyePACS-Glaucoma,1,0.99952924,1
ORIGA-169,ORIGA,0,0.5716372,0
FIVES-317,FIVES,0,0.7061877,1
OIA-ODIR-TRAIN-1781,OIA-ODIR-TRAIN,0,0.75266767,1
OIA-ODIR-TEST-ONLINE-556,OIA-ODIR-TEST-ONLINE,0,0.0812301,0
EyePACS-Glaucoma-1699,EyePACS-Glaucoma,1,0.9997464,1
G1020-807,G1020,0,0.5317422,0
OIA-ODIR-TEST-OFFLINE-477,OIA-ODIR-TEST-OFFLINE,0,7.410022e-05,0
G1020-891,G1020,0,0.5471817,0
OIA-ODIR-TRAIN-2141,OIA-ODIR-TRAIN,0,0.0006272844,0
G1020-649,G1020,1,0.91023934,1
EyePACS-Glaucoma-388,EyePACS-Glaucoma,1,0.9988349,1
OIA-ODIR-TEST-ONLINE-306,OIA-ODIR-TEST-ONLINE,0,0.022917833,0
DRISHTI-GS1-train-17,DRISHTI-GS1-train,0,0.94168675,1
OIA-ODIR-TEST-ONLINE-392,OIA-ODIR-TEST-ONLINE,0,0.0038764323,0
EyePACS-Glaucoma-1102,EyePACS-Glaucoma,1,0.999982,1
OIA-ODIR-TRAIN-159,OIA-ODIR-TRAIN,0,0.002961246,0
OIA-ODIR-TEST-ONLINE-377,OIA-ODIR-TEST-ONLINE,0,0.000718319,0
EyePACS-Glaucoma-2717,EyePACS-Glaucoma,1,0.9905976,1
ORIGA-639,ORIGA,0,0.16792187,0
sjchoi86-HRF-213,sjchoi86-HRF,0,0.0016392807,0
sjchoi86-HRF-78,sjchoi86-HRF,0,0.4857069,0
EyePACS-Glaucoma-1428,EyePACS-Glaucoma,1,0.998588,1
EyePACS-Glaucoma-2683,EyePACS-Glaucoma,1,0.999906,1
EyePACS-Glaucoma-3133,EyePACS-Glaucoma,1,0.9928953,1
EyePACS-Glaucoma-322,EyePACS-Glaucoma,1,0.997633,1
G1020-644,G1020,1,0.38562745,0
REFUGE1-val-37,REFUGE1-val,0,0.26437166,0
OIA-ODIR-TRAIN-2872,OIA-ODIR-TRAIN,0,0.22607881,0
BEH-386,BEH,0,0.16982108,0
FIVES-4,FIVES,1,0.86392176,1
OIA-ODIR-TRAIN-1238,OIA-ODIR-TRAIN,0,0.026305579,0
EyePACS-Glaucoma-1508,EyePACS-Glaucoma,1,0.9796241,1
OIA-ODIR-TEST-ONLINE-574,OIA-ODIR-TEST-ONLINE,0,0.034868732,0
OIA-ODIR-TRAIN-916,OIA-ODIR-TRAIN,0,0.007772958,0
G1020-898,G1020,0,0.32142228,0
EyePACS-Glaucoma-165,EyePACS-Glaucoma,1,0.9969244,1
REFUGE1-val-273,REFUGE1-val,0,0.00024125536,0
OIA-ODIR-TRAIN-1239,OIA-ODIR-TRAIN,0,0.015431877,0
BEH-485,BEH,0,0.17004263,0
EyePACS-Glaucoma-906,EyePACS-Glaucoma,1,0.99998486,1
EyePACS-Glaucoma-2370,EyePACS-Glaucoma,1,0.9847156,1
OIA-ODIR-TRAIN-11,OIA-ODIR-TRAIN,0,0.00011292382,0
OIA-ODIR-TRAIN-641,OIA-ODIR-TRAIN,0,0.0015660725,0
EyePACS-Glaucoma-285,EyePACS-Glaucoma,1,0.9998986,1
EyePACS-Glaucoma-1858,EyePACS-Glaucoma,1,0.99989676,1
OIA-ODIR-TRAIN-1960,OIA-ODIR-TRAIN,0,0.0017201185,0
ORIGA-289,ORIGA,1,0.6720287,1
OIA-ODIR-TRAIN-3138,OIA-ODIR-TRAIN,0,0.00029256384,0
EyePACS-Glaucoma-2854,EyePACS-Glaucoma,1,0.99911773,1
EyePACS-Glaucoma-3157,EyePACS-Glaucoma,1,0.9999068,1
OIA-ODIR-TRAIN-2207,OIA-ODIR-TRAIN,0,0.005962788,0
EyePACS-Glaucoma-47,EyePACS-Glaucoma,1,0.99999213,1
OIA-ODIR-TRAIN-1095,OIA-ODIR-TRAIN,0,0.017791905,0
OIA-ODIR-TRAIN-2760,OIA-ODIR-TRAIN,0,0.36507985,0
FIVES-165,FIVES,0,0.73848873,1
BEH-263,BEH,0,0.012828004,0
BEH-77,BEH,1,0.8837392,1
G1020-544,G1020,1,0.20244935,0
OIA-ODIR-TRAIN-2069,OIA-ODIR-TRAIN,0,9.567544e-05,0
EyePACS-Glaucoma-234,EyePACS-Glaucoma,1,0.99994946,1
G1020-425,G1020,0,0.5431992,0
OIA-ODIR-TRAIN-2883,OIA-ODIR-TRAIN,0,0.00063431874,0
PAPILA-350,PAPILA,0,0.04655309,0
OIA-ODIR-TEST-OFFLINE-425,OIA-ODIR-TEST-OFFLINE,0,0.7141198,1
OIA-ODIR-TRAIN-1936,OIA-ODIR-TRAIN,0,0.0008968996,0
FIVES-78,FIVES,1,0.7884114,1
OIA-ODIR-TRAIN-906,OIA-ODIR-TRAIN,0,0.00075975107,0
EyePACS-Glaucoma-2973,EyePACS-Glaucoma,1,0.999858,1
ORIGA-490,ORIGA,1,0.0026795284,0
PAPILA-198,PAPILA,0,0.031262644,0
OIA-ODIR-TRAIN-1080,OIA-ODIR-TRAIN,0,0.93736637,1
EyePACS-Glaucoma-1587,EyePACS-Glaucoma,1,0.9976318,1
OIA-ODIR-TRAIN-1418,OIA-ODIR-TRAIN,0,0.0004971388,0
BEH-630,BEH,0,0.24759014,0
OIA-ODIR-TEST-ONLINE-610,OIA-ODIR-TEST-ONLINE,0,0.0023289835,0
OIA-ODIR-TRAIN-2689,OIA-ODIR-TRAIN,0,0.2064639,0
OIA-ODIR-TRAIN-1495,OIA-ODIR-TRAIN,0,0.039263383,0
OIA-ODIR-TEST-ONLINE-734,OIA-ODIR-TEST-ONLINE,0,0.083815,0
OIA-ODIR-TRAIN-3168,OIA-ODIR-TRAIN,0,0.003363811,0
OIA-ODIR-TRAIN-2135,OIA-ODIR-TRAIN,0,0.0018006098,0
G1020-667,G1020,0,0.7289261,1
BEH-226,BEH,0,0.8663378,1
FIVES-367,FIVES,0,0.0017704325,0
EyePACS-Glaucoma-1047,EyePACS-Glaucoma,1,0.99893594,1
G1020-641,G1020,0,0.28820994,0
OIA-ODIR-TEST-ONLINE-258,OIA-ODIR-TEST-ONLINE,0,0.00030909711,0
OIA-ODIR-TRAIN-1450,OIA-ODIR-TRAIN,0,0.008023342,0
sjchoi86-HRF-36,sjchoi86-HRF,0,0.008296916,0
G1020-573,G1020,0,0.36225128,0
EyePACS-Glaucoma-907,EyePACS-Glaucoma,1,0.9992015,1
REFUGE1-val-66,REFUGE1-val,0,0.00016897624,0
REFUGE1-val-179,REFUGE1-val,0,0.00017932491,0
OIA-ODIR-TRAIN-1081,OIA-ODIR-TRAIN,0,0.0005201361,0
OIA-ODIR-TRAIN-2971,OIA-ODIR-TRAIN,0,0.87011015,1
OIA-ODIR-TEST-ONLINE-493,OIA-ODIR-TEST-ONLINE,0,0.0031887412,0
OIA-ODIR-TEST-ONLINE-457,OIA-ODIR-TEST-ONLINE,0,0.0010186099,0
OIA-ODIR-TRAIN-1692,OIA-ODIR-TRAIN,0,0.043876674,0
EyePACS-Glaucoma-2211,EyePACS-Glaucoma,1,0.9976772,1
ORIGA-546,ORIGA,0,0.3321426,0
BEH-517,BEH,0,0.11852665,0
EyePACS-Glaucoma-3153,EyePACS-Glaucoma,1,0.9845633,1
OIA-ODIR-TEST-ONLINE-250,OIA-ODIR-TEST-ONLINE,0,0.25447825,0
REFUGE1-val-29,REFUGE1-val,0,0.0005211767,0
ORIGA-145,ORIGA,0,0.13398407,0
EyePACS-Glaucoma-2285,EyePACS-Glaucoma,1,0.9926998,1
OIA-ODIR-TRAIN-1634,OIA-ODIR-TRAIN,0,0.08191923,0
OIA-ODIR-TEST-ONLINE-908,OIA-ODIR-TEST-ONLINE,0,0.00070104364,0
sjchoi86-HRF-353,sjchoi86-HRF,1,0.9877867,1
EyePACS-Glaucoma-2863,EyePACS-Glaucoma,1,0.98746765,1
OIA-ODIR-TRAIN-838,OIA-ODIR-TRAIN,0,0.0037069751,0
ORIGA-162,ORIGA,0,0.7444223,1
ORIGA-602,ORIGA,0,0.30549663,0
DRISHTI-GS1-test-43,DRISHTI-GS1-test,1,0.99866074,1
OIA-ODIR-TEST-ONLINE-552,OIA-ODIR-TEST-ONLINE,0,0.04524897,0
G1020-883,G1020,1,0.3342845,0
OIA-ODIR-TRAIN-220,OIA-ODIR-TRAIN,0,0.0053792847,0
OIA-ODIR-TRAIN-899,OIA-ODIR-TRAIN,0,0.011377828,0
sjchoi86-HRF-199,sjchoi86-HRF,0,0.0018037136,0
REFUGE1-val-181,REFUGE1-val,1,0.036318216,0
DRISHTI-GS1-test-35,DRISHTI-GS1-test,1,0.95715106,1
EyePACS-Glaucoma-1425,EyePACS-Glaucoma,1,0.9988028,1
OIA-ODIR-TRAIN-1729,OIA-ODIR-TRAIN,0,0.1112936,0
EyePACS-Glaucoma-719,EyePACS-Glaucoma,1,0.999966,1
ORIGA-456,ORIGA,0,0.03876518,0
FIVES-277,FIVES,0,0.22990026,0
OIA-ODIR-TEST-OFFLINE-107,OIA-ODIR-TEST-OFFLINE,0,0.0033563606,0
ORIGA-579,ORIGA,0,0.14346841,0
sjchoi86-HRF-224,sjchoi86-HRF,0,0.002108862,0
sjchoi86-HRF-356,sjchoi86-HRF,1,0.99034923,1
OIA-ODIR-TRAIN-1335,OIA-ODIR-TRAIN,0,0.40520984,0
EyePACS-Glaucoma-1817,EyePACS-Glaucoma,1,0.9999988,1
G1020-769,G1020,0,0.5220324,0
G1020-17,G1020,0,0.2523491,0
OIA-ODIR-TEST-ONLINE-379,OIA-ODIR-TEST-ONLINE,0,8.919532e-05,0
BEH-445,BEH,0,0.25275758,0
OIA-ODIR-TRAIN-1958,OIA-ODIR-TRAIN,0,0.0010316805,0
OIA-ODIR-TRAIN-1506,OIA-ODIR-TRAIN,0,0.0027848477,0
EyePACS-Glaucoma-1712,EyePACS-Glaucoma,1,0.99965453,1
EyePACS-Glaucoma-2920,EyePACS-Glaucoma,1,0.99799204,1
OIA-ODIR-TEST-OFFLINE-429,OIA-ODIR-TEST-OFFLINE,0,0.0033802115,0
G1020-401,G1020,1,0.10292729,0
OIA-ODIR-TRAIN-569,OIA-ODIR-TRAIN,1,0.9479649,1
G1020-109,G1020,0,0.54074156,0
ORIGA-152,ORIGA,0,0.44870755,0
OIA-ODIR-TRAIN-1517,OIA-ODIR-TRAIN,0,0.013203206,0
sjchoi86-HRF-206,sjchoi86-HRF,0,0.053363554,0
OIA-ODIR-TRAIN-522,OIA-ODIR-TRAIN,1,0.96973765,1
sjchoi86-HRF-18,sjchoi86-HRF,0,0.3683769,0
OIA-ODIR-TRAIN-2639,OIA-ODIR-TRAIN,0,0.053261343,0
OIA-ODIR-TRAIN-2206,OIA-ODIR-TRAIN,0,0.013144307,0
BEH-185,BEH,0,0.11021614,0
EyePACS-Glaucoma-1825,EyePACS-Glaucoma,1,0.9998985,1
BEH-535,BEH,0,0.0961305,0
OIA-ODIR-TEST-ONLINE-588,OIA-ODIR-TEST-ONLINE,0,0.087808676,0
OIA-ODIR-TRAIN-1915,OIA-ODIR-TRAIN,0,0.00032660182,0
BEH-363,BEH,0,0.008980186,0
EyePACS-Glaucoma-2819,EyePACS-Glaucoma,1,0.99999666,1
OIA-ODIR-TRAIN-453,OIA-ODIR-TRAIN,0,5.699282e-05,0
G1020-88,G1020,0,0.50200367,0
EyePACS-Glaucoma-1743,EyePACS-Glaucoma,1,0.99818903,1
BEH-34,BEH,1,0.91242915,1
FIVES-312,FIVES,0,0.887982,1
OIA-ODIR-TRAIN-793,OIA-ODIR-TRAIN,0,0.03321383,0
OIA-ODIR-TEST-ONLINE-254,OIA-ODIR-TEST-ONLINE,0,0.00047844573,0
OIA-ODIR-TRAIN-2731,OIA-ODIR-TRAIN,0,0.040237676,0
FIVES-373,FIVES,0,0.00036900057,0
EyePACS-Glaucoma-2177,EyePACS-Glaucoma,1,0.9988987,1
EyePACS-Glaucoma-350,EyePACS-Glaucoma,1,0.9999073,1
sjchoi86-HRF-79,sjchoi86-HRF,0,0.008885393,0
OIA-ODIR-TRAIN-2973,OIA-ODIR-TRAIN,0,0.13853793,0
EyePACS-Glaucoma-113,EyePACS-Glaucoma,1,0.99962616,1
ORIGA-534,ORIGA,0,0.80424416,1
G1020-578,G1020,0,0.61258626,0
OIA-ODIR-TEST-ONLINE-492,OIA-ODIR-TEST-ONLINE,0,0.00105664,0
EyePACS-Glaucoma-2317,EyePACS-Glaucoma,1,0.9998621,1
OIA-ODIR-TRAIN-902,OIA-ODIR-TRAIN,0,0.16584167,0
ORIGA-388,ORIGA,0,0.048617847,0
EyePACS-Glaucoma-2595,EyePACS-Glaucoma,1,0.9997125,1
EyePACS-Glaucoma-560,EyePACS-Glaucoma,1,0.99907386,1
EyePACS-Glaucoma-2180,EyePACS-Glaucoma,1,0.99971354,1
REFUGE1-val-366,REFUGE1-val,0,0.00018740201,0
OIA-ODIR-TRAIN-106,OIA-ODIR-TRAIN,0,0.00044631743,0
EyePACS-Glaucoma-1300,EyePACS-Glaucoma,1,0.99998724,1
G1020-491,G1020,0,0.34842575,0
BEH-487,BEH,0,0.04345849,0
FIVES-147,FIVES,1,0.8640584,1
OIA-ODIR-TRAIN-1701,OIA-ODIR-TRAIN,0,0.0014082916,0
EyePACS-Glaucoma-27,EyePACS-Glaucoma,1,0.99998677,1
G1020-316,G1020,0,0.419031,0
ORIGA-67,ORIGA,0,0.4472324,0
EyePACS-Glaucoma-1232,EyePACS-Glaucoma,1,0.99984384,1
OIA-ODIR-TEST-OFFLINE-297,OIA-ODIR-TEST-OFFLINE,0,0.35028368,0
OIA-ODIR-TRAIN-2005,OIA-ODIR-TRAIN,0,0.0012874308,0
REFUGE1-train-349,REFUGE1-train,0,0.003956739,0
OIA-ODIR-TRAIN-570,OIA-ODIR-TRAIN,1,0.98669434,1
EyePACS-Glaucoma-617,EyePACS-Glaucoma,1,0.9996264,1
PAPILA-182,PAPILA,0,0.014905291,0
OIA-ODIR-TRAIN-1227,OIA-ODIR-TRAIN,0,5.370828e-05,0
G1020-82,G1020,1,0.1394642,0
BEH-271,BEH,0,0.10281108,0
OIA-ODIR-TRAIN-3114,OIA-ODIR-TRAIN,0,8.650216e-05,0
ORIGA-138,ORIGA,1,0.68135047,1
OIA-ODIR-TRAIN-1952,OIA-ODIR-TRAIN,0,0.00069680426,0
ORIGA-25,ORIGA,0,0.13077104,0
EyePACS-Glaucoma-2442,EyePACS-Glaucoma,1,0.9992504,1
OIA-ODIR-TRAIN-1848,OIA-ODIR-TRAIN,0,0.022967368,0
OIA-ODIR-TEST-OFFLINE-13,OIA-ODIR-TEST-OFFLINE,1,0.92940605,1
EyePACS-Glaucoma-2151,EyePACS-Glaucoma,1,0.9985008,1
EyePACS-Glaucoma-834,EyePACS-Glaucoma,1,0.9986094,1
EyePACS-Glaucoma-2831,EyePACS-Glaucoma,1,0.9999914,1
EyePACS-Glaucoma-528,EyePACS-Glaucoma,1,0.9995997,1
OIA-ODIR-TRAIN-2734,OIA-ODIR-TRAIN,0,0.06446975,0
REFUGE1-train-58,REFUGE1-train,0,0.0001449612,0
OIA-ODIR-TEST-ONLINE-565,OIA-ODIR-TEST-ONLINE,0,0.0040815165,0
OIA-ODIR-TRAIN-2132,OIA-ODIR-TRAIN,0,0.11456624,0
REFUGE1-val-153,REFUGE1-val,0,0.0001997432,0
EyePACS-Glaucoma-1460,EyePACS-Glaucoma,1,0.99982774,1
OIA-ODIR-TEST-ONLINE-193,OIA-ODIR-TEST-ONLINE,0,7.7312805e-05,0
OIA-ODIR-TRAIN-3221,OIA-ODIR-TRAIN,0,0.00095966074,0
ORIGA-9,ORIGA,0,0.025304152,0
G1020-801,G1020,1,0.7065491,1
EyePACS-Glaucoma-501,EyePACS-Glaucoma,1,0.9996017,1
OIA-ODIR-TRAIN-1833,OIA-ODIR-TRAIN,0,0.8748916,1
OIA-ODIR-TEST-OFFLINE-405,OIA-ODIR-TEST-OFFLINE,0,0.7387505,1
EyePACS-Glaucoma-2652,EyePACS-Glaucoma,1,0.9996719,1
EyePACS-Glaucoma-189,EyePACS-Glaucoma,1,0.9998978,1
EyePACS-Glaucoma-2865,EyePACS-Glaucoma,1,0.93918633,1
OIA-ODIR-TEST-OFFLINE-274,OIA-ODIR-TEST-OFFLINE,0,0.97608995,1
FIVES-201,FIVES,0,0.024850069,0
sjchoi86-HRF-361,sjchoi86-HRF,1,0.9881401,1
REFUGE1-train-13,REFUGE1-train,1,0.17043555,0
OIA-ODIR-TRAIN-2651,OIA-ODIR-TRAIN,0,2.4225883e-05,0
OIA-ODIR-TEST-OFFLINE-463,OIA-ODIR-TEST-OFFLINE,0,0.06363109,0
OIA-ODIR-TRAIN-2999,OIA-ODIR-TRAIN,0,0.0018667397,0
EyePACS-Glaucoma-463,EyePACS-Glaucoma,1,0.9513847,1
EyePACS-Glaucoma-2942,EyePACS-Glaucoma,1,0.9993316,1
EyePACS-Glaucoma-1722,EyePACS-Glaucoma,1,0.9999479,1
OIA-ODIR-TRAIN-2444,OIA-ODIR-TRAIN,0,0.053842325,0
BEH-35,BEH,1,0.9447756,1
ORIGA-386,ORIGA,1,0.37445107,0
EyePACS-Glaucoma-181,EyePACS-Glaucoma,1,0.9969021,1
REFUGE1-train-91,REFUGE1-train,0,0.003040675,0
OIA-ODIR-TRAIN-1732,OIA-ODIR-TRAIN,0,1.0734857e-05,0
BEH-321,BEH,0,0.22937372,0
EyePACS-Glaucoma-624,EyePACS-Glaucoma,1,0.999891,1
OIA-ODIR-TRAIN-300,OIA-ODIR-TRAIN,0,0.00023201233,0
EyePACS-Glaucoma-1083,EyePACS-Glaucoma,1,0.99980724,1
OIA-ODIR-TRAIN-560,OIA-ODIR-TRAIN,1,0.97528595,1
OIA-ODIR-TEST-OFFLINE-102,OIA-ODIR-TEST-OFFLINE,1,0.99304354,1
G1020-216,G1020,0,0.7294996,1
EyePACS-Glaucoma-2795,EyePACS-Glaucoma,1,0.9949243,1
EyePACS-Glaucoma-3051,EyePACS-Glaucoma,1,0.9999945,1
EyePACS-Glaucoma-2885,EyePACS-Glaucoma,1,0.9999505,1
OIA-ODIR-TRAIN-126,OIA-ODIR-TRAIN,0,0.0034407256,0
FIVES-382,FIVES,0,0.12275657,0
OIA-ODIR-TRAIN-592,OIA-ODIR-TRAIN,1,0.1038918,0
OIA-ODIR-TRAIN-1408,OIA-ODIR-TRAIN,0,0.0012787777,0
REFUGE1-val-212,REFUGE1-val,0,0.0004740802,0
ORIGA-64,ORIGA,0,0.064185165,0
EyePACS-Glaucoma-921,EyePACS-Glaucoma,1,0.99943626,1
REFUGE1-val-47,REFUGE1-val,0,0.0002337136,0
EyePACS-Glaucoma-1611,EyePACS-Glaucoma,1,0.9944786,1
EyePACS-Glaucoma-689,EyePACS-Glaucoma,1,0.999892,1
EyePACS-Glaucoma-1116,EyePACS-Glaucoma,1,0.99992377,1
DRISHTI-GS1-train-46,DRISHTI-GS1-train,0,0.015232736,0
OIA-ODIR-TEST-ONLINE-6,OIA-ODIR-TEST-ONLINE,0,0.4623227,0
OIA-ODIR-TRAIN-1066,OIA-ODIR-TRAIN,0,0.002058558,0
OIA-ODIR-TRAIN-240,OIA-ODIR-TRAIN,0,0.46184117,0
OIA-ODIR-TRAIN-891,OIA-ODIR-TRAIN,0,0.059109192,0
EyePACS-Glaucoma-118,EyePACS-Glaucoma,1,0.91677296,1
PAPILA-123,PAPILA,0,0.012986174,0
EyePACS-Glaucoma-1404,EyePACS-Glaucoma,1,0.9348546,1
EyePACS-Glaucoma-499,EyePACS-Glaucoma,1,0.9999765,1
G1020-606,G1020,1,0.61577696,0
BEH-101,BEH,1,0.26185617,0
EyePACS-Glaucoma-844,EyePACS-Glaucoma,1,0.9998343,1
OIA-ODIR-TRAIN-2626,OIA-ODIR-TRAIN,0,0.06847566,0
EyePACS-Glaucoma-1036,EyePACS-Glaucoma,1,0.9998325,1
PAPILA-346,PAPILA,0,0.011716036,0
OIA-ODIR-TRAIN-426,OIA-ODIR-TRAIN,0,0.001395205,0
EyePACS-Glaucoma-754,EyePACS-Glaucoma,1,0.9999584,1
OIA-ODIR-TRAIN-3119,OIA-ODIR-TRAIN,0,0.00029553584,0
OIA-ODIR-TRAIN-2400,OIA-ODIR-TRAIN,0,1.07366595e-05,0
REFUGE1-val-100,REFUGE1-val,1,0.9961118,1
EyePACS-Glaucoma-766,EyePACS-Glaucoma,1,0.9998884,1
OIA-ODIR-TRAIN-1539,OIA-ODIR-TRAIN,0,0.0006550659,0
sjchoi86-HRF-228,sjchoi86-HRF,0,0.009424489,0
OIA-ODIR-TRAIN-1265,OIA-ODIR-TRAIN,0,0.02706384,0
OIA-ODIR-TRAIN-2370,OIA-ODIR-TRAIN,0,0.0022039982,0
PAPILA-159,PAPILA,0,0.01520068,0
FIVES-186,FIVES,0,0.14358279,0
REFUGE1-val-178,REFUGE1-val,0,0.00025933245,0
PAPILA-390,PAPILA,0,0.013922658,0
FIVES-223,FIVES,0,0.39647475,0
EyePACS-Glaucoma-2332,EyePACS-Glaucoma,1,0.9998282,1
sjchoi86-HRF-91,sjchoi86-HRF,0,0.014135072,0
EyePACS-Glaucoma-2323,EyePACS-Glaucoma,1,0.9991772,1
OIA-ODIR-TRAIN-129,OIA-ODIR-TRAIN,0,0.0018804726,0
OIA-ODIR-TEST-ONLINE-632,OIA-ODIR-TEST-ONLINE,0,8.35331e-06,0
EyePACS-Glaucoma-684,EyePACS-Glaucoma,1,0.999896,1
REFUGE1-train-291,REFUGE1-train,0,0.0025025415,0
OIA-ODIR-TRAIN-1103,OIA-ODIR-TRAIN,0,0.008186128,0
REFUGE1-train-131,REFUGE1-train,0,0.07758705,0
EyePACS-Glaucoma-2645,EyePACS-Glaucoma,1,0.9999789,1
FIVES-156,FIVES,0,0.62621284,0
EyePACS-Glaucoma-2859,EyePACS-Glaucoma,1,0.9884199,1
OIA-ODIR-TEST-ONLINE-705,OIA-ODIR-TEST-ONLINE,0,0.033215635,0
ORIGA-428,ORIGA,0,0.71270776,1
EyePACS-Glaucoma-1477,EyePACS-Glaucoma,1,0.9986151,1
DRISHTI-GS1-train-15,DRISHTI-GS1-train,0,0.5942644,0
OIA-ODIR-TRAIN-513,OIA-ODIR-TRAIN,1,0.00062807254,0
OIA-ODIR-TRAIN-1671,OIA-ODIR-TRAIN,0,0.15734506,0
EyePACS-Glaucoma-1826,EyePACS-Glaucoma,1,0.9999042,1
ORIGA-565,ORIGA,0,0.23613846,0
BEH-407,BEH,0,0.15273294,0
G1020-111,G1020,1,0.53059214,0
EyePACS-Glaucoma-1043,EyePACS-Glaucoma,1,0.9997593,1
G1020-483,G1020,0,0.47074538,0
G1020-357,G1020,0,0.4344043,0
OIA-ODIR-TRAIN-921,OIA-ODIR-TRAIN,0,0.14754906,0
OIA-ODIR-TEST-ONLINE-447,OIA-ODIR-TEST-ONLINE,0,0.24937648,0
DRISHTI-GS1-test-24,DRISHTI-GS1-test,1,0.7787174,1
OIA-ODIR-TRAIN-1751,OIA-ODIR-TRAIN,0,6.7360306e-05,0
OIA-ODIR-TRAIN-871,OIA-ODIR-TRAIN,0,0.06142923,0
FIVES-291,FIVES,0,0.0884199,0
OIA-ODIR-TEST-ONLINE-302,OIA-ODIR-TEST-ONLINE,0,0.021368409,0
FIVES-2,FIVES,1,0.7877318,1
EyePACS-Glaucoma-2158,EyePACS-Glaucoma,1,0.9999585,1
EyePACS-Glaucoma-2956,EyePACS-Glaucoma,1,0.99801385,1
OIA-ODIR-TRAIN-2317,OIA-ODIR-TRAIN,0,0.002312219,0
OIA-ODIR-TRAIN-3155,OIA-ODIR-TRAIN,0,0.7911682,1
OIA-ODIR-TRAIN-2242,OIA-ODIR-TRAIN,0,0.0010155507,0
EyePACS-Glaucoma-2940,EyePACS-Glaucoma,1,0.9984052,1
REFUGE1-train-65,REFUGE1-train,0,0.18021795,0
OIA-ODIR-TRAIN-2124,OIA-ODIR-TRAIN,0,0.8098475,1
G1020-497,G1020,0,0.28821212,0
OIA-ODIR-TRAIN-224,OIA-ODIR-TRAIN,0,0.00015560508,0
FIVES-252,FIVES,0,0.40274218,0
OIA-ODIR-TEST-ONLINE-135,OIA-ODIR-TEST-ONLINE,1,0.95375943,1
EyePACS-Glaucoma-3125,EyePACS-Glaucoma,1,0.97933674,1
REFUGE1-val-8,REFUGE1-val,0,0.0002657148,0
OIA-ODIR-TEST-ONLINE-23,OIA-ODIR-TEST-ONLINE,0,0.016409727,0
EyePACS-Glaucoma-1649,EyePACS-Glaucoma,1,0.9983978,1
PAPILA-60,PAPILA,1,0.530653,0
EyePACS-Glaucoma-1098,EyePACS-Glaucoma,1,0.9896525,1
OIA-ODIR-TRAIN-118,OIA-ODIR-TRAIN,0,0.18661305,0
EyePACS-Glaucoma-622,EyePACS-Glaucoma,1,0.99995947,1
OIA-ODIR-TEST-OFFLINE-124,OIA-ODIR-TEST-OFFLINE,0,0.0006690257,0
G1020-466,G1020,1,0.6086639,0
OIA-ODIR-TRAIN-1245,OIA-ODIR-TRAIN,0,0.010872824,0
OIA-ODIR-TRAIN-1773,OIA-ODIR-TRAIN,0,0.00020663197,0
EyePACS-Glaucoma-2514,EyePACS-Glaucoma,1,0.9997157,1
G1020-368,G1020,0,0.73598146,1
OIA-ODIR-TRAIN-385,OIA-ODIR-TRAIN,0,0.031947546,0
OIA-ODIR-TRAIN-2688,OIA-ODIR-TRAIN,0,0.002265057,0
REFUGE1-val-343,REFUGE1-val,0,0.00021057311,0
REFUGE1-val-203,REFUGE1-val,0,0.0018765416,0
OIA-ODIR-TRAIN-2160,OIA-ODIR-TRAIN,0,0.09175112,0
G1020-634,G1020,0,0.19368047,0
OIA-ODIR-TRAIN-2511,OIA-ODIR-TRAIN,0,0.01432206,0
OIA-ODIR-TRAIN-2323,OIA-ODIR-TRAIN,0,0.00023661932,0
FIVES-72,FIVES,1,0.56593716,0
OIA-ODIR-TRAIN-1426,OIA-ODIR-TRAIN,0,0.00035509764,0
CRFO-v4-76,CRFO-v4,0,0.8583654,1
sjchoi86-HRF-11,sjchoi86-HRF,0,0.17237625,0
BEH-306,BEH,0,0.015870007,0
OIA-ODIR-TRAIN-1525,OIA-ODIR-TRAIN,0,0.30974555,0
OIA-ODIR-TRAIN-999,OIA-ODIR-TRAIN,0,0.00026422355,0
PAPILA-375,PAPILA,0,0.014259029,0
BEH-252,BEH,0,0.26637173,0
BEH-160,BEH,1,0.2842719,0
G1020-740,G1020,0,0.26064828,0
EyePACS-Glaucoma-2945,EyePACS-Glaucoma,1,0.99996114,1
EyePACS-Glaucoma-1058,EyePACS-Glaucoma,1,0.99997467,1
FIVES-29,FIVES,1,0.14710927,0
BEH-293,BEH,0,0.19673777,0
EyePACS-Glaucoma-1843,EyePACS-Glaucoma,1,0.9999792,1
REFUGE1-val-355,REFUGE1-val,0,0.0002444488,0
OIA-ODIR-TRAIN-1715,OIA-ODIR-TRAIN,0,0.41608727,0
OIA-ODIR-TEST-ONLINE-551,OIA-ODIR-TEST-ONLINE,0,0.00081850955,0
OIA-ODIR-TRAIN-1610,OIA-ODIR-TRAIN,0,0.0013020416,0
ORIGA-304,ORIGA,1,0.24712378,0
DRISHTI-GS1-test-1,DRISHTI-GS1-test,1,0.9911488,1
OIA-ODIR-TRAIN-328,OIA-ODIR-TRAIN,0,0.13988411,0
OIA-ODIR-TEST-ONLINE-634,OIA-ODIR-TEST-ONLINE,0,0.0022190388,0
OIA-ODIR-TRAIN-504,OIA-ODIR-TRAIN,1,0.9668797,1
OIA-ODIR-TRAIN-12,OIA-ODIR-TRAIN,0,0.00065545406,0
EyePACS-Glaucoma-2748,EyePACS-Glaucoma,1,0.9986597,1
sjchoi86-HRF-397,sjchoi86-HRF,1,0.9834504,1
EyePACS-Glaucoma-1944,EyePACS-Glaucoma,1,0.99993575,1
BEH-436,BEH,0,0.9475055,1
OIA-ODIR-TRAIN-3201,OIA-ODIR-TRAIN,0,0.0029456166,0
OIA-ODIR-TRAIN-1488,OIA-ODIR-TRAIN,0,0.0010031663,0
OIA-ODIR-TEST-ONLINE-651,OIA-ODIR-TEST-ONLINE,0,0.06256845,0
REFUGE1-val-83,REFUGE1-val,0,0.0019337535,0
EyePACS-Glaucoma-121,EyePACS-Glaucoma,1,0.99997765,1
EyePACS-Glaucoma-1000,EyePACS-Glaucoma,1,0.99995476,1
OIA-ODIR-TEST-ONLINE-14,OIA-ODIR-TEST-ONLINE,0,0.6498909,0
EyePACS-Glaucoma-1594,EyePACS-Glaucoma,1,0.99997205,1
OIA-ODIR-TRAIN-3007,OIA-ODIR-TRAIN,0,0.00071494293,0
EyePACS-Glaucoma-651,EyePACS-Glaucoma,1,0.99860084,1
OIA-ODIR-TRAIN-808,OIA-ODIR-TRAIN,0,0.0004593286,0
OIA-ODIR-TRAIN-2614,OIA-ODIR-TRAIN,0,0.37327784,0
OIA-ODIR-TRAIN-1169,OIA-ODIR-TRAIN,0,0.0005593588,0
OIA-ODIR-TRAIN-1809,OIA-ODIR-TRAIN,0,0.0004645633,0
OIA-ODIR-TRAIN-1868,OIA-ODIR-TRAIN,0,0.002681244,0
ORIGA-625,ORIGA,0,0.56608474,0
EyePACS-Glaucoma-2612,EyePACS-Glaucoma,1,0.9988957,1
PAPILA-189,PAPILA,0,0.12196126,0
OIA-ODIR-TRAIN-2875,OIA-ODIR-TRAIN,0,0.5441047,0
ORIGA-353,ORIGA,1,0.66274506,0
OIA-ODIR-TRAIN-668,OIA-ODIR-TRAIN,0,0.0044109914,0
REFUGE1-train-204,REFUGE1-train,0,0.082741864,0
OIA-ODIR-TRAIN-1182,OIA-ODIR-TRAIN,0,0.0017919664,0
OIA-ODIR-TRAIN-1443,OIA-ODIR-TRAIN,0,0.073539406,0
OIA-ODIR-TEST-ONLINE-259,OIA-ODIR-TEST-ONLINE,0,9.319014e-05,0
OIA-ODIR-TRAIN-2031,OIA-ODIR-TRAIN,0,0.0013899527,0
OIA-ODIR-TEST-OFFLINE-52,OIA-ODIR-TEST-OFFLINE,0,0.7461284,1
ORIGA-423,ORIGA,0,0.2787169,0
G1020-157,G1020,0,0.45279163,0
EyePACS-Glaucoma-2969,EyePACS-Glaucoma,1,0.99999744,1
REFUGE1-val-332,REFUGE1-val,0,0.00063751615,0
EyePACS-Glaucoma-2186,EyePACS-Glaucoma,1,0.99999493,1
OIA-ODIR-TEST-ONLINE-336,OIA-ODIR-TEST-ONLINE,0,0.0019532363,0
ORIGA-263,ORIGA,0,0.3121454,0
PAPILA-42,PAPILA,1,0.9949022,1
G1020-200,G1020,0,0.5023761,0
REFUGE1-train-295,REFUGE1-train,0,0.9775251,1
OIA-ODIR-TRAIN-769,OIA-ODIR-TRAIN,1,0.7207507,1
REFUGE1-train-182,REFUGE1-train,0,0.0010179467,0
REFUGE1-val-27,REFUGE1-val,0,6.0722057e-05,0
EyePACS-Glaucoma-840,EyePACS-Glaucoma,1,0.99007195,1
OIA-ODIR-TRAIN-211,OIA-ODIR-TRAIN,0,0.0053680735,0
EyePACS-Glaucoma-1839,EyePACS-Glaucoma,1,0.99824023,1
OIA-ODIR-TEST-OFFLINE-234,OIA-ODIR-TEST-OFFLINE,0,0.000110499925,0
EyePACS-Glaucoma-1850,EyePACS-Glaucoma,1,0.9996971,1
EyePACS-Glaucoma-1910,EyePACS-Glaucoma,1,0.949112,1
EyePACS-Glaucoma-1991,EyePACS-Glaucoma,1,0.9999859,1
OIA-ODIR-TRAIN-414,OIA-ODIR-TRAIN,0,0.013367496,0
EyePACS-Glaucoma-3018,EyePACS-Glaucoma,1,0.9972435,1
REFUGE1-val-265,REFUGE1-val,0,0.0002579284,0
OIA-ODIR-TRAIN-526,OIA-ODIR-TRAIN,1,0.38443434,0
OIA-ODIR-TRAIN-1380,OIA-ODIR-TRAIN,0,5.4111875e-05,0
CRFO-v4-23,CRFO-v4,1,0.975971,1
EyePACS-Glaucoma-2979,EyePACS-Glaucoma,1,0.9998293,1
OIA-ODIR-TRAIN-3199,OIA-ODIR-TRAIN,0,5.7200696e-06,0
EyePACS-Glaucoma-1182,EyePACS-Glaucoma,1,0.9913406,1
BEH-500,BEH,0,0.17021286,0
ORIGA-491,ORIGA,0,0.01043864,0
OIA-ODIR-TRAIN-1396,OIA-ODIR-TRAIN,0,0.0033621518,0
EyePACS-Glaucoma-1855,EyePACS-Glaucoma,1,0.9999964,1
OIA-ODIR-TRAIN-2158,OIA-ODIR-TRAIN,0,0.00021230642,0
REFUGE1-train-279,REFUGE1-train,0,0.00857247,0
OIA-ODIR-TEST-ONLINE-150,OIA-ODIR-TEST-ONLINE,1,0.80301845,1
EyePACS-Glaucoma-2772,EyePACS-Glaucoma,1,0.8917252,1
REFUGE1-train-348,REFUGE1-train,0,0.0040406324,0
OIA-ODIR-TRAIN-478,OIA-ODIR-TRAIN,0,0.00084884174,0
FIVES-301,FIVES,0,0.8945277,1
FIVES-62,FIVES,1,0.82971907,1
OIA-ODIR-TRAIN-433,OIA-ODIR-TRAIN,0,0.00045582774,0
OIA-ODIR-TRAIN-1178,OIA-ODIR-TRAIN,0,0.0041636107,0
EyePACS-Glaucoma-1421,EyePACS-Glaucoma,1,0.9954723,1
G1020-386,G1020,1,0.009861983,0
BEH-361,BEH,0,0.5864353,0
OIA-ODIR-TEST-ONLINE-669,OIA-ODIR-TEST-ONLINE,0,0.0023536014,0
EyePACS-Glaucoma-3034,EyePACS-Glaucoma,1,0.9396987,1
EyePACS-Glaucoma-659,EyePACS-Glaucoma,1,0.7819798,1
OIA-ODIR-TEST-OFFLINE-65,OIA-ODIR-TEST-OFFLINE,0,0.88595384,1
G1020-86,G1020,0,0.34981444,0
OIA-ODIR-TEST-ONLINE-777,OIA-ODIR-TEST-ONLINE,0,0.0007787923,0
EyePACS-Glaucoma-582,EyePACS-Glaucoma,1,0.99980795,1
REFUGE1-val-202,REFUGE1-val,0,0.0017227083,0
EyePACS-Glaucoma-1054,EyePACS-Glaucoma,1,0.9997176,1
OIA-ODIR-TRAIN-2460,OIA-ODIR-TRAIN,0,0.0041934894,0
OIA-ODIR-TRAIN-1822,OIA-ODIR-TRAIN,0,0.25585678,0
BEH-193,BEH,0,0.31088734,0
OIA-ODIR-TEST-OFFLINE-436,OIA-ODIR-TEST-OFFLINE,0,0.0035552145,0
REFUGE1-train-148,REFUGE1-train,0,0.00572164,0
G1020-94,G1020,0,0.6621349,0
ORIGA-650,ORIGA,1,0.018493898,0
OIA-ODIR-TRAIN-170,OIA-ODIR-TRAIN,0,8.091291e-05,0
OIA-ODIR-TRAIN-73,OIA-ODIR-TRAIN,0,0.011868457,0
EyePACS-Glaucoma-732,EyePACS-Glaucoma,1,0.99997187,1
BEH-30,BEH,1,0.9807905,1
OIA-ODIR-TEST-OFFLINE-361,OIA-ODIR-TEST-OFFLINE,0,5.6764533e-05,0
BEH-302,BEH,0,0.0016632448,0
OIA-ODIR-TRAIN-132,OIA-ODIR-TRAIN,0,0.0002879277,0
OIA-ODIR-TEST-OFFLINE-242,OIA-ODIR-TEST-OFFLINE,0,0.00018739262,0
PAPILA-215,PAPILA,0,0.055610046,0
OIA-ODIR-TRAIN-2074,OIA-ODIR-TRAIN,0,0.0011417827,0
OIA-ODIR-TRAIN-2173,OIA-ODIR-TRAIN,0,0.002927849,0
EyePACS-Glaucoma-1560,EyePACS-Glaucoma,1,0.99286973,1
OIA-ODIR-TRAIN-1940,OIA-ODIR-TRAIN,0,0.00079566304,0
EyePACS-Glaucoma-1746,EyePACS-Glaucoma,1,0.8428806,1
EyePACS-Glaucoma-3066,EyePACS-Glaucoma,1,0.9999211,1
OIA-ODIR-TRAIN-144,OIA-ODIR-TRAIN,0,0.063968286,0
OIA-ODIR-TRAIN-3051,OIA-ODIR-TRAIN,0,0.001611351,0
EyePACS-Glaucoma-2873,EyePACS-Glaucoma,1,0.99999344,1
PAPILA-168,PAPILA,0,0.025358496,0
REFUGE1-val-311,REFUGE1-val,0,3.0644358e-05,0
EyePACS-Glaucoma-2492,EyePACS-Glaucoma,1,0.9999108,1
OIA-ODIR-TRAIN-342,OIA-ODIR-TRAIN,0,0.00022245414,0
EyePACS-Glaucoma-1808,EyePACS-Glaucoma,1,0.99983156,1
OIA-ODIR-TRAIN-2750,OIA-ODIR-TRAIN,0,0.015258063,0
OIA-ODIR-TRAIN-792,OIA-ODIR-TRAIN,0,0.0007331907,0
BEH-221,BEH,0,0.056705914,0
OIA-ODIR-TEST-ONLINE-533,OIA-ODIR-TEST-ONLINE,0,0.00044702226,0
PAPILA-224,PAPILA,0,0.0044556954,0
OIA-ODIR-TRAIN-905,OIA-ODIR-TRAIN,0,0.01802561,0
REFUGE1-train-125,REFUGE1-train,0,0.00012368773,0
HRF-8,HRF,0,0.45910892,0
OIA-ODIR-TRAIN-1053,OIA-ODIR-TRAIN,0,0.13751248,0
OIA-ODIR-TRAIN-127,OIA-ODIR-TRAIN,0,0.9883362,1
ORIGA-357,ORIGA,0,0.040301293,0
ORIGA-75,ORIGA,0,0.651982,0
OIA-ODIR-TRAIN-1449,OIA-ODIR-TRAIN,0,0.024374465,0
REFUGE1-val-359,REFUGE1-val,0,0.0013763135,0
OIA-ODIR-TRAIN-3042,OIA-ODIR-TRAIN,0,0.013324168,0
EyePACS-Glaucoma-392,EyePACS-Glaucoma,1,0.97453034,1
EyePACS-Glaucoma-3075,EyePACS-Glaucoma,1,0.99988437,1
ORIGA-331,ORIGA,0,0.79867595,1
BEH-91,BEH,1,0.42802784,0
EyePACS-Glaucoma-2182,EyePACS-Glaucoma,1,0.9999755,1
OIA-ODIR-TRAIN-611,OIA-ODIR-TRAIN,1,0.9872867,1
sjchoi86-HRF-76,sjchoi86-HRF,0,0.05715178,0
OIA-ODIR-TRAIN-1023,OIA-ODIR-TRAIN,0,0.00031231783,0
EyePACS-Glaucoma-2843,EyePACS-Glaucoma,1,0.99774706,1
ORIGA-313,ORIGA,0,0.32794726,0
EyePACS-Glaucoma-475,EyePACS-Glaucoma,1,0.94439846,1
EyePACS-Glaucoma-1829,EyePACS-Glaucoma,1,0.9981166,1
EyePACS-Glaucoma-437,EyePACS-Glaucoma,1,0.99986863,1
EyePACS-Glaucoma-851,EyePACS-Glaucoma,1,0.9999823,1
ORIGA-400,ORIGA,0,0.13450475,0
sjchoi86-HRF-376,sjchoi86-HRF,1,0.9957423,1
PAPILA-424,PAPILA,0,0.0053333445,0
OIA-ODIR-TRAIN-1996,OIA-ODIR-TRAIN,0,0.00017011516,0
REFUGE1-val-158,REFUGE1-val,0,0.0062741986,0
OIA-ODIR-TEST-OFFLINE-63,OIA-ODIR-TEST-OFFLINE,1,0.95456624,1
EyePACS-Glaucoma-1161,EyePACS-Glaucoma,1,0.9999912,1
REFUGE1-train-2,REFUGE1-train,1,0.9740887,1
EyePACS-Glaucoma-2082,EyePACS-Glaucoma,1,0.9955914,1
OIA-ODIR-TEST-ONLINE-324,OIA-ODIR-TEST-ONLINE,0,0.029079277,0
ORIGA-87,ORIGA,1,0.69435954,1
BEH-129,BEH,1,0.24463636,0
OIA-ODIR-TRAIN-1762,OIA-ODIR-TRAIN,0,0.0012129771,0
EyePACS-Glaucoma-2666,EyePACS-Glaucoma,1,0.99998236,1
PAPILA-116,PAPILA,0,0.77119476,1
EyePACS-Glaucoma-2971,EyePACS-Glaucoma,1,0.9999905,1
G1020-976,G1020,1,0.19092968,0
OIA-ODIR-TRAIN-523,OIA-ODIR-TRAIN,1,0.49050164,0
OIA-ODIR-TEST-ONLINE-572,OIA-ODIR-TEST-ONLINE,0,0.115014106,0
PAPILA-91,PAPILA,0,0.15531814,0
EyePACS-Glaucoma-66,EyePACS-Glaucoma,1,0.99822056,1
EyePACS-Glaucoma-1318,EyePACS-Glaucoma,1,0.9998703,1
OIA-ODIR-TRAIN-185,OIA-ODIR-TRAIN,0,0.06583901,0
OIA-ODIR-TRAIN-1307,OIA-ODIR-TRAIN,0,0.00078576675,0
OIA-ODIR-TRAIN-766,OIA-ODIR-TRAIN,1,0.940202,1
OIA-ODIR-TRAIN-1734,OIA-ODIR-TRAIN,0,0.19998717,0
OIA-ODIR-TEST-OFFLINE-27,OIA-ODIR-TEST-OFFLINE,0,0.042978745,0
REFUGE1-val-400,REFUGE1-val,0,0.0142803965,0
OIA-ODIR-TRAIN-2735,OIA-ODIR-TRAIN,0,0.0060494803,0
EyePACS-Glaucoma-3264,EyePACS-Glaucoma,1,0.99998766,1
ORIGA-574,ORIGA,0,0.015787607,0
PAPILA-172,PAPILA,0,0.32398587,0
OIA-ODIR-TEST-ONLINE-803,OIA-ODIR-TEST-ONLINE,0,0.013505896,0
G1020-668,G1020,0,0.9339341,1
EyePACS-Glaucoma-1739,EyePACS-Glaucoma,1,0.9990506,1
OIA-ODIR-TRAIN-739,OIA-ODIR-TRAIN,1,0.99474263,1
OIA-ODIR-TRAIN-267,OIA-ODIR-TRAIN,0,0.073266685,0
ORIGA-626,ORIGA,1,0.4026547,0
OIA-ODIR-TRAIN-1600,OIA-ODIR-TRAIN,0,0.09256098,0
ORIGA-422,ORIGA,0,0.1215752,0
OIA-ODIR-TRAIN-2440,OIA-ODIR-TRAIN,0,0.003672827,0
DRISHTI-GS1-train-10,DRISHTI-GS1-train,1,0.9879278,1
OIA-ODIR-TEST-ONLINE-726,OIA-ODIR-TEST-ONLINE,0,0.0040894914,0
OIA-ODIR-TRAIN-873,OIA-ODIR-TRAIN,0,0.030850794,0
ORIGA-606,ORIGA,0,0.5853299,0
OIA-ODIR-TRAIN-2225,OIA-ODIR-TRAIN,0,0.00050931773,0
PAPILA-158,PAPILA,0,0.08495845,0
OIA-ODIR-TRAIN-1850,OIA-ODIR-TRAIN,0,0.026503548,0
OIA-ODIR-TRAIN-1074,OIA-ODIR-TRAIN,0,0.009152286,0
ORIGA-83,ORIGA,0,0.017615348,0
EyePACS-Glaucoma-60,EyePACS-Glaucoma,1,0.99951136,1
G1020-669,G1020,1,0.6799687,1
OIA-ODIR-TRAIN-1935,OIA-ODIR-TRAIN,0,0.00062990485,0
EyePACS-Glaucoma-1146,EyePACS-Glaucoma,1,0.9993204,1
EyePACS-Glaucoma-1599,EyePACS-Glaucoma,1,0.99886096,1
BEH-359,BEH,0,0.017346146,0
REFUGE1-train-17,REFUGE1-train,1,0.9795964,1
EyePACS-Glaucoma-2311,EyePACS-Glaucoma,1,0.9999332,1
CRFO-v4-37,CRFO-v4,1,0.9499235,1
OIA-ODIR-TEST-ONLINE-566,OIA-ODIR-TEST-ONLINE,0,0.012012525,0
OIA-ODIR-TEST-OFFLINE-73,OIA-ODIR-TEST-OFFLINE,0,0.19377078,0
G1020-408,G1020,0,0.26508918,0
G1020-781,G1020,0,0.8414149,1
EyePACS-Glaucoma-1103,EyePACS-Glaucoma,1,0.99958,1
BEH-620,BEH,0,0.27555776,0
REFUGE1-train-175,REFUGE1-train,0,0.0012425503,0
OIA-ODIR-TRAIN-2933,OIA-ODIR-TRAIN,0,0.00035978318,0
EyePACS-Glaucoma-2999,EyePACS-Glaucoma,1,0.9996344,1
OIA-ODIR-TRAIN-3025,OIA-ODIR-TRAIN,0,0.0012023691,0
OIA-ODIR-TRAIN-2489,OIA-ODIR-TRAIN,0,0.96275556,1
EyePACS-Glaucoma-352,EyePACS-Glaucoma,1,0.9994801,1
EyePACS-Glaucoma-1071,EyePACS-Glaucoma,1,0.99993944,1
EyePACS-Glaucoma-1270,EyePACS-Glaucoma,1,0.9911039,1
OIA-ODIR-TRAIN-1310,OIA-ODIR-TRAIN,0,0.112731375,0
OIA-ODIR-TRAIN-3139,OIA-ODIR-TRAIN,0,0.021624591,0
PAPILA-402,PAPILA,0,0.4660231,0
EyePACS-Glaucoma-1787,EyePACS-Glaucoma,1,0.99101484,1
PAPILA-265,PAPILA,1,0.2904611,0
OIA-ODIR-TEST-ONLINE-784,OIA-ODIR-TEST-ONLINE,0,0.0026057176,0
OIA-ODIR-TRAIN-378,OIA-ODIR-TRAIN,0,0.109333776,0
EyePACS-Glaucoma-2466,EyePACS-Glaucoma,1,0.99836236,1
EyePACS-Glaucoma-1007,EyePACS-Glaucoma,1,0.9999767,1
OIA-ODIR-TEST-ONLINE-462,OIA-ODIR-TEST-ONLINE,0,0.0057838643,0
PAPILA-240,PAPILA,0,0.06799738,0
REFUGE1-train-165,REFUGE1-train,0,0.0030407906,0
G1020-926,G1020,0,0.19401611,0
OIA-ODIR-TRAIN-1115,OIA-ODIR-TRAIN,0,0.000101323545,0
EyePACS-Glaucoma-2691,EyePACS-Glaucoma,1,0.99999905,1
OIA-ODIR-TRAIN-1424,OIA-ODIR-TRAIN,0,0.0149816405,0
FIVES-341,FIVES,0,0.77503675,1
OIA-ODIR-TRAIN-163,OIA-ODIR-TRAIN,0,0.059080195,0
EyePACS-Glaucoma-276,EyePACS-Glaucoma,1,0.999739,1
G1020-84,G1020,0,0.598271,0
OIA-ODIR-TRAIN-176,OIA-ODIR-TRAIN,0,0.49605685,0
OIA-ODIR-TEST-ONLINE-175,OIA-ODIR-TEST-ONLINE,0,0.063348174,0
OIA-ODIR-TRAIN-1223,OIA-ODIR-TRAIN,0,0.0012830433,0
OIA-ODIR-TRAIN-1389,OIA-ODIR-TRAIN,0,0.004272232,0
OIA-ODIR-TEST-OFFLINE-284,OIA-ODIR-TEST-OFFLINE,0,0.0038485702,0
REFUGE1-train-350,REFUGE1-train,0,0.007672486,0
EyePACS-Glaucoma-1110,EyePACS-Glaucoma,1,0.99958473,1
G1020-220,G1020,1,0.46114957,0
ORIGA-471,ORIGA,0,0.0111333635,0
OIA-ODIR-TEST-OFFLINE-298,OIA-ODIR-TEST-OFFLINE,0,0.004513076,0
OIA-ODIR-TRAIN-2525,OIA-ODIR-TRAIN,0,0.009170074,0
ORIGA-617,ORIGA,1,0.64901686,0
EyePACS-Glaucoma-1481,EyePACS-Glaucoma,1,0.98249954,1
G1020-638,G1020,0,0.46520674,0
REFUGE1-train-274,REFUGE1-train,0,0.010848785,0
CRFO-v4-1,CRFO-v4,1,0.6742499,1
CRFO-v4-79,CRFO-v4,0,0.58947784,0
OIA-ODIR-TEST-ONLINE-166,OIA-ODIR-TEST-ONLINE,0,0.021128539,0
OIA-ODIR-TRAIN-1133,OIA-ODIR-TRAIN,0,0.008471208,0
OIA-ODIR-TEST-ONLINE-608,OIA-ODIR-TEST-ONLINE,0,0.005854107,0
OIA-ODIR-TEST-OFFLINE-213,OIA-ODIR-TEST-OFFLINE,0,0.0014119163,0
EyePACS-Glaucoma-1892,EyePACS-Glaucoma,1,0.98516977,1
REFUGE1-train-232,REFUGE1-train,0,0.0008952351,0
EyePACS-Glaucoma-1207,EyePACS-Glaucoma,1,0.99999225,1
sjchoi86-HRF-197,sjchoi86-HRF,0,0.023507098,0
EyePACS-Glaucoma-1434,EyePACS-Glaucoma,1,0.9889427,1
REFUGE1-val-120,REFUGE1-val,0,0.00042196072,0
G1020-330,G1020,0,0.5995774,0
EyePACS-Glaucoma-1299,EyePACS-Glaucoma,1,0.96231496,1
FIVES-234,FIVES,0,0.19954172,0
BEH-515,BEH,0,0.19274104,0
G1020-809,G1020,0,0.44403237,0
EyePACS-Glaucoma-167,EyePACS-Glaucoma,1,0.9999098,1
OIA-ODIR-TEST-OFFLINE-267,OIA-ODIR-TEST-OFFLINE,0,0.00021993613,0
OIA-ODIR-TEST-ONLINE-905,OIA-ODIR-TEST-ONLINE,0,7.747939e-05,0
EyePACS-Glaucoma-3135,EyePACS-Glaucoma,1,0.9999248,1
G1020-703,G1020,0,0.38995287,0
OIA-ODIR-TRAIN-2484,OIA-ODIR-TRAIN,0,0.0015379682,0
G1020-5,G1020,0,0.27151543,0
OIA-ODIR-TRAIN-1702,OIA-ODIR-TRAIN,0,0.00013132372,0
OIA-ODIR-TEST-OFFLINE-215,OIA-ODIR-TEST-OFFLINE,0,3.3359684e-05,0
G1020-460,G1020,1,0.45844135,0
EyePACS-Glaucoma-1114,EyePACS-Glaucoma,1,0.99966335,1
OIA-ODIR-TRAIN-3131,OIA-ODIR-TRAIN,0,0.0011929891,0
EyePACS-Glaucoma-1250,EyePACS-Glaucoma,1,0.99657524,1
OIA-ODIR-TRAIN-3204,OIA-ODIR-TRAIN,0,0.00020357064,0
BEH-424,BEH,0,0.9049643,1
OIA-ODIR-TRAIN-2105,OIA-ODIR-TRAIN,0,1.7423281e-05,0
OIA-ODIR-TEST-OFFLINE-381,OIA-ODIR-TEST-OFFLINE,0,0.0009785315,0
EyePACS-Glaucoma-3169,EyePACS-Glaucoma,1,0.99995565,1
G1020-614,G1020,1,0.45531297,0
OIA-ODIR-TRAIN-1839,OIA-ODIR-TRAIN,0,0.015340573,0
G1020-432,G1020,0,0.8607758,1
OIA-ODIR-TRAIN-1409,OIA-ODIR-TRAIN,0,0.00021820221,0
ORIGA-540,ORIGA,0,0.1087573,0
REFUGE1-train-194,REFUGE1-train,0,0.0012234922,0
sjchoi86-HRF-273,sjchoi86-HRF,0,0.039467677,0
EyePACS-Glaucoma-3194,EyePACS-Glaucoma,1,0.96991265,1
OIA-ODIR-TEST-ONLINE-42,OIA-ODIR-TEST-ONLINE,0,0.051662244,0
REFUGE1-val-315,REFUGE1-val,0,0.00032741268,0
OIA-ODIR-TEST-OFFLINE-143,OIA-ODIR-TEST-OFFLINE,0,0.0008418455,0
PAPILA-337,PAPILA,0,0.06842032,0
EyePACS-Glaucoma-2378,EyePACS-Glaucoma,1,0.987957,1
