name,dice_disc,dice_cup,iou_disc,iou_cup,pred_vcdr,gt_vcdr,pred_hcdr,gt_hcdr,pred_acdr,gt_acdr,disc_detected,cup_detected,overall_dice,abs_vcdr_error,source
PAPILA-415,0.931566982825652,0.8658536584988741,0.8719002200899207,0.7634408601564177,0.4362,0.5,0.3913,0.3605,0.1718,0.1893,True,True,0.8987103206622631,0.06380000000000002,PAPILA
REFUGE1-val-220,0.9799203891996469,0.7648275861805233,0.9606312868373114,0.6192071468107645,0.5208,0.4211,0.6133,0.4868,0.3222,0.193,True,True,0.8723739876900851,0.09970000000000007,REFUGE1-val
REFUGE1-val-142,0.9466095496714385,0.8066914497766408,0.8986312239456729,0.676012461006541,0.4138,0.5,0.5075,0.4648,0.2133,0.2352,True,True,0.8766504997240396,0.0862,REFUGE1-val
ORIGA-229,0.9730745147074743,0.8933213228555743,0.9475609755953116,0.8072093023068091,0.7292,0.7732,0.7326,0.8795,0.5362,0.6822,True,True,0.9331979187815242,0.04400000000000004,ORIGA
PAPILA-133,0.9615166491050674,0.8998793726296889,0.9258854735383697,0.8179824559609687,0.2396,0.2418,0.2651,0.2759,0.0638,0.0706,True,True,0.9306980108673781,0.0021999999999999797,PAPILA
G1020-246,0.947354175112365,0.9283950616519839,0.8999742864258171,0.866359446871527,0.4028,0.4328,0.3971,0.403,0.1607,0.1684,True,True,0.9378746183821745,0.030000000000000027,G1020
ORIGA-133,0.9690539345589358,0.9550387596529055,0.9399656946596431,0.9139465874692917,0.5342,0.5417,0.5857,0.6377,0.3149,0.3373,True,True,0.9620463471059206,0.007499999999999951,ORIGA
ORIGA-450,0.9789400601599288,0.922483609682897,0.9587488667053774,0.8561202576337781,0.5467,0.5,0.5946,0.5541,0.3219,0.278,True,True,0.950711834921413,0.046699999999999964,ORIGA
CRFO-v4-67,0.9771189171690531,0.9449640287599826,0.9552614996698919,0.8956699624652005,0.6593,0.6154,0.7011,0.6484,0.4614,0.4347,True,True,0.9610414729645178,0.04390000000000005,CRFO-v4
PAPILA-152,0.9555600512444833,0.7546012269359967,0.914901859492318,0.6059113299746415,0.2745,0.2778,0.2826,0.3556,0.0772,0.0984,True,True,0.85508063909024,0.0032999999999999696,PAPILA
REFUGE1-train-360,0.9572665841728631,0.9185185184807194,0.9180357794648041,0.8493150684285148,0.4651,0.4667,0.5067,0.5,0.2327,0.23,True,True,0.9378925513267913,0.0015999999999999903,REFUGE1-train
REFUGE1-train-16,0.9643044619296023,0.9350515463676533,0.9310694373813718,0.8780251693669882,0.75,0.7123,0.7273,0.6765,0.5469,0.4726,True,True,0.9496780041486278,0.037699999999999956,REFUGE1-train
G1020-871,0.9656658139091737,0.871122760992961,0.9336110387676748,0.77167182656566,0.5507,0.5455,0.5797,0.5652,0.3191,0.2972,True,True,0.9183942874510673,0.005199999999999982,G1020
PAPILA-40,0.9698984741378026,0.816047328511443,0.9415561959545641,0.6892567145318783,0.614,0.5221,0.617,0.5208,0.3809,0.2616,True,True,0.8929729013246228,0.09189999999999998,PAPILA
G1020-297,0.9620951068118297,0.9147982062324465,0.9269588313207845,0.842975206534162,0.4217,0.5128,0.5143,0.5,0.2199,0.242,True,True,0.9384466565221381,0.09110000000000001,G1020
G1020-79,0.9654292343275471,0.7616553168799551,0.9331688719234544,0.6150592216061709,0.4474,0.5,0.4789,0.4714,0.2153,0.2274,True,True,0.8635422756037512,0.05259999999999998,G1020
REFUGE1-train-378,0.9582380347229289,0.7789142407348829,0.9198243616698679,0.6378865979107438,0.6071,0.4337,0.6591,0.5652,0.402,0.248,True,True,0.8685761377289059,0.1734,REFUGE1-train
REFUGE1-train-165,0.9485798236906393,0.7681498828680025,0.9021891010502519,0.6235741444392718,0.4235,0.525,0.5,0.6094,0.2102,0.3149,True,True,0.8583648532793209,0.10150000000000003,REFUGE1-train
ORIGA-364,0.9630678723067537,0.7988757026608722,0.9287665475745164,0.6651066042295836,0.5,0.6747,0.5417,0.6324,0.2736,0.4298,True,True,0.880971787483813,0.17469999999999997,ORIGA
REFUGE1-val-297,0.9032420840052575,0.877012234328589,0.8235564757114434,0.7809633026627336,0.439,0.4267,0.4769,0.4603,0.2032,0.1876,True,True,0.8901271591669233,0.012299999999999978,REFUGE1-val
G1020-446,0.9132559560031573,0.8167539266160467,0.8403597526464205,0.6902654866034929,0.3857,0.3906,0.4,0.35,0.1585,0.1308,True,True,0.865004941309602,0.0049000000000000155,G1020
REFUGE1-train-130,0.9508549885424686,0.7864864864333455,0.9063141683545608,0.6481069041594536,0.3896,0.4306,0.4688,0.5,0.1837,0.2158,True,True,0.868670737487907,0.04099999999999998,REFUGE1-train
REFUGE1-train-342,0.9623614616376345,0.9092783504685938,0.9274534686775073,0.8336483931159122,0.4545,0.4557,0.473,0.4533,0.2169,0.209,True,True,0.9358199060531142,0.0011999999999999789,REFUGE1-train
ORIGA-221,0.9686668978960726,0.9393728222669209,0.9392376681403759,0.8856767410719003,0.5342,0.5616,0.6,0.6053,0.3184,0.3453,True,True,0.9540198600814968,0.02739999999999998,ORIGA
G1020-672,0.9705093833656261,0.904487917094103,0.9427083333099527,0.8256302520141146,0.4571,0.4,0.5362,0.4932,0.2493,0.1958,True,True,0.9374986502298646,0.057099999999999984,G1020
REFUGE1-val-328,0.9511111111008009,0.8486005088518701,0.9067796609982063,0.7370165745041971,0.4048,0.3563,0.4925,0.4225,0.1981,0.1451,True,True,0.8998558099763355,0.04849999999999999,REFUGE1-val
REFUGE1-train-168,0.9731270358207132,0.8307155322499689,0.9476605868170567,0.7104477611410113,0.4659,0.3953,0.5616,0.507,0.2631,0.2025,True,True,0.901921284035341,0.0706,REFUGE1-train
REFUGE1-train-115,0.9633521607649632,0.8687235329178026,0.9292954890793387,0.767914438420544,0.4384,0.4507,0.4853,0.5075,0.2127,0.2218,True,True,0.9160378468413829,0.012299999999999978,REFUGE1-train
G1020-21,0.9731551162420177,0.9273488017905155,0.9477138481525331,0.8645390070308837,0.5185,0.5897,0.5493,0.5507,0.284,0.3067,True,True,0.9502519590162666,0.07120000000000004,G1020
G1020-98,0.9692071611154045,0.8883977900061658,0.9402540690563665,0.7992047712923256,0.4268,0.4217,0.4545,0.4324,0.1935,0.1766,True,True,0.9288024755607851,0.005099999999999993,G1020
G1020-791,0.8938780837894025,0.9427430092999836,0.8081189520696691,0.8916876573932961,0.7467,0.7857,0.75,0.7941,0.5609,0.617,True,True,0.918310546544693,0.038999999999999924,G1020
ORIGA-77,0.956561222930883,0.7937888198264728,0.9167391934750003,0.6580844489538533,0.4925,0.4769,0.5312,0.4688,0.2623,0.2243,True,True,0.8751750213786779,0.015600000000000003,ORIGA
REFUGE1-val-208,0.9722595830449541,0.9610755041275431,0.9460166857362012,0.9250677098728538,0.7419,0.7419,0.7125,0.7349,0.5293,0.546,True,True,0.9666675435862486,0.0,REFUGE1-val
ORIGA-628,0.9863188036802808,0.9047740617588774,0.973006905189935,0.826107226068713,0.6623,0.5974,0.6795,0.641,0.4489,0.382,True,True,0.945546432719579,0.06489999999999996,ORIGA
REFUGE1-train-174,0.9751761517509465,0.9490114463606133,0.9515548973777966,0.9029702969403,0.4375,0.4321,0.4932,0.4459,0.2195,0.1974,True,True,0.9620937990557799,0.005400000000000016,REFUGE1-train
G1020-671,0.9281233664280172,0.6052631578378511,0.8658863691571352,0.4339622640924579,0.4051,0.3117,0.4328,0.3,0.1813,0.0904,True,True,0.7666932621329341,0.09340000000000004,G1020
G1020-884,0.9640632486730804,0.817450232917516,0.9306197964675186,0.6912607449361561,0.5119,0.4699,0.5325,0.4198,0.2739,0.1812,True,True,0.8907567407952981,0.04200000000000004,G1020
ORIGA-477,0.961122841871058,0.8675324675002771,0.9251554280027462,0.7660550458213594,0.5467,0.5753,0.5634,0.6471,0.2996,0.3727,True,True,0.9143276546856676,0.02860000000000007,ORIGA
REFUGE1-train-225,0.9600491702401961,0.8763040238014752,0.9231678486779393,0.7798408487374145,0.4306,0.5278,0.5068,0.5211,0.2194,0.2765,True,True,0.9181765970208356,0.09720000000000006,REFUGE1-train
ORIGA-601,0.9644808743068044,0.9721530450311943,0.9313984168676396,0.9458149779319025,0.679,0.6923,0.6842,0.6623,0.471,0.4572,True,True,0.9683169596689993,0.013299999999999979,ORIGA
ORIGA-85,0.9496578690011039,0.9045186640116103,0.9041414611236822,0.8256814920498076,0.5072,0.5588,0.5385,0.6216,0.2761,0.3488,True,True,0.9270882665063571,0.05159999999999998,ORIGA
REFUGE1-val-236,0.9604616895756328,0.814356435593171,0.9239310181685819,0.686847599093231,0.3929,0.3636,0.5082,0.5246,0.2072,0.19,True,True,0.8874090625844019,0.029300000000000048,REFUGE1-val
PAPILA-124,0.9615336319075738,0.7226602673732376,0.9259169689566632,0.5657541599266905,0.3672,0.4264,0.3025,0.3279,0.109,0.1349,True,True,0.8420969496404057,0.059199999999999975,PAPILA
G1020-836,0.8647656345506699,0.6813365932615048,0.7617507546191947,0.5166872681685183,0.4156,0.3333,0.4103,0.3582,0.1744,0.1183,True,True,0.7730511139060874,0.08230000000000004,G1020
REFUGE1-train-196,0.9596787148440212,0.8852867829872015,0.922483014177811,0.7941834451013218,0.5,0.4677,0.5556,0.5,0.2767,0.2371,True,True,0.9224827489156113,0.032299999999999995,REFUGE1-train
G1020-498,0.9413968980853398,0.8036769533287146,0.8892822025390505,0.6717892425168179,0.358,0.4353,0.4054,0.3836,0.1398,0.1771,True,True,0.8725369257070272,0.07730000000000004,G1020
CRFO-v4-51,0.9743958868794406,0.9136842105022716,0.9500701824553827,0.8410852712770792,0.6,0.5783,0.6316,0.7105,0.377,0.4039,True,True,0.944040048690856,0.02169999999999994,CRFO-v4
REFUGE1-val-344,0.9091866835133882,0.9643175735734988,0.8334943017030424,0.9310938845421579,0.7342,0.6471,0.7391,0.6494,0.5346,0.4205,True,True,0.9367521285434435,0.08709999999999996,REFUGE1-val
REFUGE1-val-199,0.9520937246148695,0.8789873417276461,0.9085676333648757,0.7841011742742455,0.4545,0.4458,0.4928,0.5072,0.2287,0.2294,True,True,0.9155405331712578,0.008700000000000041,REFUGE1-val
PAPILA-392,0.9710881882829355,0.7668116426642084,0.9438011860922931,0.621812262581562,0.5051,0.4141,0.5333,0.4205,0.2652,0.1681,True,True,0.868949915473572,0.09099999999999997,PAPILA
ORIGA-6,0.9739452741635893,0.8928387428930232,0.9492137696355883,0.8064215914003527,0.6627,0.65,0.6986,0.5972,0.4618,0.3835,True,True,0.9333920085283063,0.012699999999999934,ORIGA
G1020-867,0.9704238472173914,0.7704918032365851,0.9425469350612408,0.6266666666109629,0.5195,0.4615,0.5,0.3425,0.2634,0.1639,True,True,0.8704578252269882,0.05799999999999994,G1020
CRFO-v4-48,0.9739153230964227,0.31379621277603276,0.9491568727401851,0.18609625666458865,0.4583,0.274,0.4545,0.3284,0.2015,0.0913,True,True,0.6438557679362278,0.18429999999999996,CRFO-v4
ORIGA-90,0.9816017315911081,0.9502602660222598,0.9638682252717563,0.9052341597297391,0.625,0.5488,0.6216,0.6479,0.3882,0.3601,True,True,0.965930998806684,0.07620000000000005,ORIGA
REFUGE1-train-291,0.9469755469633594,0.8739659366971306,0.8992911268418653,0.7761452030444126,0.4375,0.4937,0.5323,0.6129,0.231,0.298,True,True,0.910470741830245,0.05620000000000003,REFUGE1-train
ORIGA-26,0.9827859846052645,0.9668431317646464,0.966154584710366,0.9358144551814555,0.625,0.6338,0.6622,0.7222,0.4208,0.4561,True,True,0.9748145581849554,0.00880000000000003,ORIGA
REFUGE1-val-54,0.9844391408020577,0.9499701016354402,0.9693551419257501,0.9047076689102238,0.7045,0.6813,0.7162,0.6622,0.5,0.4584,True,True,0.967204621218749,0.0232,REFUGE1-val
ORIGA-468,0.9464261856920986,0.8771251931654898,0.8983007861806163,0.7811424638140989,0.5541,0.6622,0.5373,0.6032,0.2956,0.3985,True,True,0.9117756894287942,0.10809999999999997,ORIGA
REFUGE1-train-348,0.9521246776437703,0.8536404160158381,0.90862401025233,0.7446532727968468,0.4819,0.5119,0.5821,0.6377,0.272,0.3306,True,True,0.9028825468298042,0.030000000000000027,REFUGE1-train
ORIGA-98,0.9785192454369368,0.8874488403517241,0.9579419299539296,0.7976701409688737,0.5185,0.5125,0.5616,0.6901,0.2921,0.3486,True,True,0.9329840428943305,0.006000000000000005,ORIGA
G1020-454,0.9262198210209992,0.8233360722413035,0.8625786163250762,0.6997206702933352,0.4714,0.4627,0.4655,0.3889,0.2237,0.1845,True,True,0.8747779466311514,0.008699999999999986,G1020
ORIGA-186,0.9718951169575775,0.9026548672033832,0.9453268173199351,0.8225806450728408,0.4925,0.4923,0.5484,0.5323,0.2729,0.2592,True,True,0.9372749920804804,0.00019999999999997797,ORIGA
REFUGE1-train-241,0.9527113852357657,0.9570200572517467,0.9096932515114186,0.9175824174815844,0.4658,0.4342,0.5,0.4783,0.2371,0.2125,True,True,0.9548657212437561,0.03160000000000002,REFUGE1-train
DRISHTI-GS1-test-21,0.9829135962346512,0.889920232039305,0.9664012738699618,0.8016723281734603,0.7283,0.8333,0.686,0.7586,0.4951,0.6221,True,True,0.9364169141369781,0.1050000000000001,DRISHTI-GS1-test
REFUGE1-val-53,0.9097431150091443,0.8410311492566578,0.8344300572949601,0.7256719183757486,0.4405,0.4268,0.5147,0.4769,0.2242,0.2059,True,True,0.875387132132901,0.01369999999999999,REFUGE1-val
G1020-366,0.9696683953957306,0.8374999999418402,0.941122635724798,0.7204301074408088,0.4531,0.4219,0.5484,0.4394,0.2556,0.1984,True,True,0.9035841976687854,0.031200000000000006,G1020
G1020-587,0.9370364525652984,0.8195413757906739,0.8815320664821398,0.6942567566394837,0.4091,0.381,0.4375,0.3934,0.1791,0.1356,True,True,0.8782889141779862,0.028100000000000014,G1020
PAPILA-219,0.8597740667870853,0.5851063829164781,0.7540383372656895,0.41353383452428066,0.3704,0.2603,0.3836,0.3103,0.1432,0.0785,True,True,0.7224402248517817,0.11010000000000003,PAPILA
ORIGA-529,0.966430358622118,0.920504244895279,0.9350413556398015,0.8527168731719392,0.642,0.5696,0.641,0.6933,0.411,0.3991,True,True,0.9434673017586985,0.07240000000000002,ORIGA
G1020-551,0.9770128219824764,0.5913107510827942,0.9550587172322706,0.41975953996760274,0.4211,0.5974,0.4507,0.7123,0.1896,0.4327,True,True,0.7841617865326354,0.17630000000000007,G1020
REFUGE1-train-286,0.9676483712520342,0.9221767114732489,0.9373244002390896,0.8555917480069933,0.4217,0.3855,0.4853,0.4853,0.1996,0.1818,True,True,0.9449125413626416,0.03620000000000001,REFUGE1-train
ORIGA-469,0.9722985347874049,0.9509388248969752,0.9460904432847831,0.9064665125974057,0.4267,0.3974,0.4521,0.4583,0.1978,0.1805,True,True,0.9616186798421901,0.029300000000000048,ORIGA
PAPILA-101,0.9821815554961342,0.8560523445552861,0.9649869883964396,0.7483317444472515,0.2857,0.3462,0.3235,0.3654,0.0935,0.1277,True,True,0.9191169500257101,0.0605,PAPILA
ORIGA-306,0.9214523897654552,0.8894075403790053,0.8543455856947038,0.800840607798227,0.6989,0.7805,0.6795,0.7215,0.4766,0.5595,True,True,0.9054299650722302,0.0816,ORIGA
REFUGE1-train-121,0.9721698113092904,0.8807947019284241,0.9458467186565891,0.7869822484275761,0.3974,0.3947,0.4714,0.4225,0.1865,0.1695,True,True,0.9264822566188573,0.00269999999999998,REFUGE1-train
ORIGA-460,0.9673437901649866,0.8266219238911285,0.9367529880244833,0.7044804575114889,0.4533,0.4189,0.5075,0.5303,0.2376,0.2221,True,True,0.8969828570280576,0.034399999999999986,ORIGA
REFUGE1-train-217,0.954813899176558,0.8426051559808273,0.9135348225778309,0.7280187572417329,0.4493,0.3971,0.5147,0.4412,0.2295,0.1742,True,True,0.8987095275786927,0.05219999999999997,REFUGE1-train
PAPILA-358,0.9661903646367909,0.8678500985908005,0.9345921450009881,0.7665505226035685,0.5652,0.5385,0.4719,0.3933,0.2673,0.2076,True,True,0.9170202316137956,0.026700000000000057,PAPILA
G1020-35,0.965410199545838,0.7562530651909636,0.933133304737824,0.6080441639899018,0.4198,0.4938,0.4789,0.4932,0.206,0.2459,True,True,0.8608316323684008,0.07400000000000001,G1020
ORIGA-333,0.8891394212590613,0.7034146341120286,0.8004059539738294,0.5425131677545136,0.3671,0.6757,0.5556,0.4918,0.2055,0.3209,True,True,0.796277027685545,0.3086,ORIGA
ORIGA-184,0.9391445148975962,0.8264721208532323,0.8852709234066327,0.7042628773797279,0.4507,0.5352,0.4776,0.5606,0.2107,0.309,True,True,0.8828083178754143,0.08450000000000002,ORIGA
ORIGA-560,0.9858093126276517,0.6443842216005907,0.9720157411243547,0.47534429140491585,0.4474,0.6456,0.5333,0.7568,0.2402,0.4931,True,True,0.8150967671141212,0.19819999999999993,ORIGA
REFUGE1-train-335,0.9492073762434032,0.8464864864407304,0.9033251231341682,0.7338331770633708,0.45,0.4024,0.4933,0.4444,0.22,0.1784,True,True,0.8978469313420668,0.04760000000000003,REFUGE1-train
G1020-467,0.9687664317912633,0.9160447760766771,0.9394248419143499,0.8450946642990451,0.4568,0.4941,0.4658,0.4795,0.2124,0.238,True,True,0.9424056039339702,0.0373,G1020
G1020-808,0.9521670783634384,0.8923459862543655,0.9087012430152444,0.805617977437571,0.4074,0.3735,0.5,0.4203,0.2022,0.1592,True,True,0.9222565323089019,0.033899999999999986,G1020
ORIGA-304,0.9661118428814978,0.9019082691361933,0.9344452165639462,0.8213414633645523,0.5753,0.6053,0.5616,0.6429,0.3218,0.3938,True,True,0.9340100560088456,0.029999999999999916,ORIGA
G1020-18,0.966074313398319,0.8824999999632293,0.9343749999805339,0.7897091722006182,0.4691,0.4691,0.5753,0.5135,0.2682,0.2488,True,True,0.9242871566807741,0.0,G1020
G1020-518,0.9115303983132963,0.880886426552129,0.8374422187820215,0.7871287128063424,0.4878,0.4805,0.4815,0.4384,0.2321,0.221,True,True,0.8962084124327127,0.007300000000000029,G1020
ORIGA-300,0.9436469962660334,0.9441185550804533,0.8933064921768167,0.8941520467313361,0.6812,0.6053,0.697,0.6269,0.477,0.3885,True,True,0.9438827756732433,0.07590000000000008,ORIGA
ORIGA-635,0.9382805868687003,0.9112119247922486,0.8837368661287406,0.8369047618549461,0.5921,0.5616,0.6351,0.6471,0.3828,0.3644,True,True,0.9247462558304744,0.03049999999999997,ORIGA
REFUGE1-train-162,0.9075739799125594,0.9453280317621606,0.8307875894789788,0.896324222347189,0.4568,0.4795,0.5303,0.5833,0.2492,0.2781,True,True,0.9264510058373601,0.022699999999999998,REFUGE1-train
REFUGE1-train-53,0.9533642691304713,0.8807339449116015,0.9108845045242544,0.7868852458337459,0.4737,0.4474,0.5342,0.5211,0.2547,0.2253,True,True,0.9170491070210365,0.02629999999999999,REFUGE1-train
REFUGE1-train-23,0.9756817786957123,0.8785140562028486,0.9525182295921228,0.7833482542173972,0.5882,0.5476,0.6628,0.5632,0.389,0.3038,True,True,0.9270979174492804,0.04059999999999997,REFUGE1-train
G1020-223,0.978555133064965,0.9320905458766917,0.9580107206385345,0.8728179550033893,0.4714,0.5075,0.5,0.459,0.2348,0.222,True,True,0.9553228394708284,0.036099999999999965,G1020
REFUGE1-val-242,0.8521173883909181,0.7604106419840918,0.7423384410331251,0.6134375364444951,0.7263,0.8475,0.8254,0.8254,0.604,0.7062,True,True,0.8062640151875049,0.12120000000000009,REFUGE1-val
G1020-927,0.9749802475510274,0.9476923076194083,0.9511819115891269,0.900584795189973,0.3973,0.4225,0.4179,0.4265,0.1663,0.1761,True,True,0.9613362775852179,0.0252,G1020
G1020-954,0.9776196272967729,0.8688046646723728,0.9562190877274919,0.7680412370342226,0.3908,0.3735,0.4557,0.3704,0.1793,0.1414,True,True,0.9232121459845728,0.017299999999999982,G1020
PAPILA-8,0.9561057023590759,0.8800192933693474,0.9159027925717766,0.7857450473560348,0.6283,0.7706,0.619,0.6762,0.3934,0.5338,True,True,0.9180624978642116,0.14229999999999998,PAPILA
REFUGE1-val-294,0.9080766995827068,0.8296473400580007,0.8316304810380667,0.7088866189265693,0.4211,0.4048,0.5075,0.4189,0.2181,0.1748,True,True,0.8688620198203537,0.01629999999999998,REFUGE1-val
PAPILA-390,0.9218070602039811,0.9347639484577355,0.8549555707333567,0.8775181304691766,0.4082,0.4043,0.3789,0.4483,0.1541,0.1923,True,True,0.9282855043308582,0.0039000000000000146,PAPILA
REFUGE1-val-358,0.950436600652436,0.8129870129518187,0.9055542535527173,0.6849015316787088,0.4598,0.5181,0.5873,0.5667,0.2667,0.3033,True,True,0.8817118068021274,0.05830000000000002,REFUGE1-val
ORIGA-227,0.9804996475763137,0.8311761395376709,0.9617452757572323,0.7111218102690842,0.5532,0.4433,0.5882,0.5233,0.324,0.2341,True,True,0.9058378935569923,0.1099,ORIGA
G1020-977,0.9619223659770558,0.8871067241895677,0.9266381766161768,0.7971175165413396,0.3974,0.4342,0.4559,0.4848,0.181,0.2195,True,True,0.9245145450833118,0.0368,G1020
ORIGA-617,0.9318181818084672,0.758088601275309,0.872340425514887,0.610420841658901,0.7284,0.5976,0.6835,0.5571,0.4913,0.3374,True,True,0.8449533915418881,0.13080000000000003,ORIGA
ORIGA-275,0.90424374318929,0.9378052751241354,0.8252234359319718,0.8828939300500984,0.56,0.5062,0.6154,0.6164,0.3502,0.3186,True,True,0.9210245091567126,0.05380000000000007,ORIGA
G1020-391,0.9442546128971565,0.9122807017122678,0.8943961531182838,0.838709677348157,0.4875,0.4651,0.4872,0.425,0.2348,0.1902,True,True,0.9282676573047122,0.022399999999999975,G1020
G1020-340,0.9578974227997207,0.8748201438219554,0.9191968657953185,0.7774936060386837,0.4429,0.4085,0.4306,0.4058,0.1893,0.1649,True,True,0.916358783310838,0.03440000000000004,G1020
G1020-31,0.9715316243595062,0.876230660979168,0.944639278533451,0.7797246557221872,0.4054,0.4286,0.4348,0.4493,0.1794,0.1871,True,True,0.9238811426693372,0.0232,G1020
ORIGA-327,0.8944483485468103,0.770807908206717,0.8090516145230345,0.6270849880608783,0.6351,0.8824,0.6232,0.8983,0.4015,0.7913,True,True,0.8326281283767636,0.24729999999999996,ORIGA
ORIGA-511,0.8611367837238777,0.8884758364128774,0.7561371474790802,0.799331103649226,0.6795,0.9,0.6914,0.7647,0.4737,0.6727,True,True,0.8748063100683776,0.22050000000000003,ORIGA
ORIGA-25,0.8155108837776196,0.8873449131073278,0.6884916649791426,0.7975022300805082,0.4133,0.5172,0.4691,0.5823,0.1938,0.3001,True,True,0.8514278984424737,0.10389999999999999,ORIGA
G1020-504,0.9613947696006448,0.5858225590465528,0.9256594723973979,0.4142496847153688,0.4459,0.6301,0.4603,0.6613,0.2033,0.4215,True,True,0.7736086643235989,0.18419999999999997,G1020
PAPILA-109,0.9681845698461815,0.757537688394627,0.9383311603528249,0.6097067744580681,0.2828,0.3636,0.2979,0.3608,0.0826,0.1307,True,True,0.8628611291204042,0.08079999999999998,PAPILA
G1020-720,0.9639115250189023,0.9097395647195955,0.9303370786326796,0.8344240837150245,0.5443,0.5244,0.56,0.5584,0.2997,0.2937,True,True,0.9368255448692488,0.01990000000000003,G1020
REFUGE1-train-163,0.9711517760928831,0.9264844485897039,0.9439213224326445,0.863037752338627,0.4805,0.4615,0.5067,0.4737,0.2444,0.2128,True,True,0.9488181123412935,0.01899999999999996,REFUGE1-train
ORIGA-496,0.8231735690923315,0.9158267501793564,0.6994859628173293,0.8447236180480038,0.6076,0.6716,0.6585,0.7164,0.3934,0.4751,True,True,0.869500159635844,0.06399999999999995,ORIGA
PAPILA-30,0.9757284929343089,0.7513711151049934,0.9526072786399701,0.6017569545239009,0.2549,0.233,0.3407,0.2967,0.0874,0.0647,True,True,0.8635498040196512,0.021900000000000003,PAPILA
G1020-537,0.9633683269939315,0.9135932560108749,0.9293255763643757,0.8409311347389978,0.4321,0.4405,0.4714,0.5224,0.2047,0.2192,True,True,0.9384807915024032,0.008400000000000019,G1020
PAPILA-215,0.9228102039055328,0.5668604650338865,0.85668301654113,0.39553752527473884,0.2708,0.2088,0.2791,0.1975,0.0724,0.0386,True,True,0.7448353344697096,0.06199999999999997,PAPILA
DRISHTI-GS1-test-31,0.967465392446297,0.8894356955234672,0.936981080700463,0.8008862629010078,0.5743,0.7053,0.7065,0.6489,0.4051,0.4526,True,True,0.9284505439848821,0.131,DRISHTI-GS1-test
ORIGA-4,0.9681916106834597,0.7789601702408343,0.9383443871054202,0.6379482071395444,0.5263,0.72,0.6029,0.7273,0.3202,0.5161,True,True,0.873575890462147,0.19369999999999998,ORIGA
REFUGE1-train-207,0.9547563804993647,0.9221347331180169,0.9134295227322213,0.8555194804500389,0.5125,0.5063,0.5507,0.4928,0.2803,0.2496,True,True,0.9384455568086908,0.006199999999999983,REFUGE1-train
G1020-748,0.9616908850628828,0.9137119547877719,0.9262086513813622,0.8411322934233892,0.5287,0.5301,0.6267,0.6111,0.3315,0.3156,True,True,0.9377014199253273,0.0014000000000000679,G1020
G1020-264,0.9693784739669592,0.8192488262590278,0.9405765836254054,0.6938369780852328,0.525,0.4568,0.5714,0.475,0.298,0.2204,True,True,0.8943136501129936,0.06820000000000004,G1020
G1020-948,0.917546438581885,0.7743634766659908,0.8476543209667247,0.6318051575026068,0.4133,0.3676,0.4203,0.3284,0.1728,0.1281,True,True,0.8459549576239379,0.04570000000000002,G1020
PAPILA-324,0.9629898931072275,0.777066178689324,0.9286215116964154,0.6354114712900044,0.5347,0.4608,0.5,0.4598,0.2651,0.2101,True,True,0.8700280358982757,0.07389999999999997,PAPILA
PAPILA-374,0.9675783650816873,0.8908926960824666,0.9371930346638311,0.8032520324550201,0.3763,0.3776,0.4091,0.4651,0.1587,0.1818,True,True,0.929235530582077,0.0012999999999999678,PAPILA
REFUGE1-val-329,0.9518978168226117,0.9483483483198695,0.9082108902176628,0.9017704168531255,0.5114,0.5169,0.5823,0.5926,0.2972,0.306,True,True,0.9501230825712406,0.00550000000000006,REFUGE1-val
REFUGE1-val-222,0.9439345349890087,0.7758362455928189,0.8938219895100771,0.633768352313722,0.4643,0.4512,0.5797,0.3857,0.2681,0.1738,True,True,0.8598853902909138,0.0131,REFUGE1-val
ORIGA-62,0.9751785930381985,0.902403138749269,0.9515595462913148,0.8221626451454724,0.5,0.4247,0.5278,0.5211,0.2697,0.2238,True,True,0.9387908658937338,0.07529999999999998,ORIGA
ORIGA-102,0.9763485089186094,0.9446726262153982,0.9537899543204788,0.8951465201055336,0.6118,0.5595,0.622,0.6875,0.3836,0.3904,True,True,0.9605105675670038,0.05230000000000001,ORIGA
REFUGE1-val-82,0.9534141671883278,0.9366666666146296,0.9109756097375818,0.8808777428546628,0.4048,0.4045,0.4783,0.4714,0.1959,0.1873,True,True,0.9450404169014788,0.00029999999999996696,REFUGE1-val
REFUGE1-val-301,0.9170937594073396,0.8721017202040312,0.8468819598873363,0.7732095489690703,0.4026,0.3662,0.5254,0.5556,0.2096,0.192,True,True,0.8945977398056855,0.03639999999999999,REFUGE1-val
DRISHTI-GS1-test-12,0.9383485730054145,0.9305376343985963,0.883857497052279,0.8700985320556989,0.8302,0.8333,0.7582,0.8152,0.6306,0.659,True,True,0.9344431037020053,0.0030999999999999917,DRISHTI-GS1-test
G1020-793,0.9322994333293723,0.6985294116791018,0.8731843575175089,0.5367231637407301,0.3803,0.2985,0.3906,0.3103,0.148,0.0916,True,True,0.815414422504237,0.08180000000000004,G1020
G1020-933,0.935606910467404,0.8500607533207762,0.8790050590033937,0.7392223161141496,0.6506,0.7308,0.6575,0.6479,0.4256,0.5026,True,True,0.89283383189409,0.08020000000000005,G1020
G1020-406,0.9544150462123641,0.8369987062847996,0.9128048780302276,0.7196885427453072,0.3671,0.3882,0.3973,0.4459,0.1472,0.1799,True,True,0.8957068762485818,0.021100000000000008,G1020
ORIGA-551,0.9692095010560612,0.806848112343861,0.9402584735201108,0.6762325238648835,0.4521,0.5513,0.5224,0.6029,0.2399,0.3299,True,True,0.8880288066999611,0.09920000000000001,ORIGA
REFUGE1-val-7,0.96661409041842,0.9278074865689968,0.9353853980937323,0.8653366582462174,0.4286,0.3766,0.5,0.4918,0.2062,0.1866,True,True,0.9472107884937084,0.05199999999999999,REFUGE1-val
ORIGA-386,0.9851234751415483,0.9337390128149514,0.9706830841110912,0.8757133797795996,0.6087,0.6812,0.6613,0.6935,0.4158,0.4637,True,True,0.9594312439782499,0.07250000000000001,ORIGA
PAPILA-113,0.9009408840679838,0.4367816091236812,0.8197383298203886,0.27941176464718237,0.2667,0.1183,0.3467,0.1928,0.0908,0.0221,True,True,0.6688612465958325,0.14839999999999998,PAPILA
REFUGE1-train-315,0.9739866908552733,0.9004659042397093,0.9492924528115312,0.818952234143378,0.4824,0.4235,0.5405,0.4933,0.2644,0.2123,True,True,0.9372262975474913,0.05890000000000001,REFUGE1-train
G1020-25,0.9412544755212671,0.8853820597271277,0.8890280560899543,0.7943368106118723,0.3733,0.3733,0.4394,0.4262,0.1673,0.1515,True,True,0.9133182676241973,0.0,G1020
DRISHTI-GS1-train-40,0.9869753979674584,0.7752973085669174,0.9742857142730612,0.6330494037370861,0.6765,0.8932,0.734,0.871,0.4942,0.7648,True,True,0.8811363532671879,0.2167,DRISHTI-GS1-train
ORIGA-621,0.9795634920537741,0.8863705972299177,0.9599455570491942,0.7959295929374057,0.7468,0.85,0.8025,0.8125,0.5999,0.6956,True,True,0.9329670446418459,0.10319999999999996,ORIGA
PAPILA-436,0.9352452830118094,0.9419007310141632,0.8783668840249735,0.8901818181170776,0.4343,0.4021,0.4396,0.4458,0.1942,0.1983,True,True,0.9385730070129863,0.032200000000000006,PAPILA
REFUGE1-train-142,0.970463301383281,0.9074446679776176,0.9426213778364494,0.8305709023431203,0.5059,0.5341,0.5405,0.6,0.2727,0.3156,True,True,0.9389539846804493,0.028200000000000003,REFUGE1-train
PAPILA-462,0.9762217708150542,0.9361398501271445,0.9535480858898978,0.8799463446760599,0.4,0.3571,0.4375,0.4316,0.1783,0.1569,True,True,0.9561808104710994,0.04290000000000005,PAPILA
G1020-956,0.8399562522683198,0.8587360594396499,0.7240729101042516,0.7524429966813971,0.4778,0.5211,0.5294,0.5161,0.2573,0.2674,True,True,0.8493461558539849,0.043300000000000005,G1020
ORIGA-119,0.9470457079020758,0.8520179371849973,0.8994176812890573,0.7421874999472878,0.5479,0.6176,0.5846,0.6094,0.3173,0.3687,True,True,0.8995318225435365,0.06969999999999998,ORIGA
ORIGA-578,0.9383351315383986,0.9525662127644386,0.8838336460149495,0.9094285714025878,0.6989,0.7674,0.7907,0.7412,0.5462,0.564,True,True,0.9454506721514186,0.0685,ORIGA
G1020-59,0.9412124299445622,0.6949671772124741,0.8889530407835075,0.5325285043237741,0.5059,0.4625,0.5325,0.4521,0.2618,0.2009,True,True,0.8180898035785182,0.043399999999999994,G1020
G1020-175,0.9406629381947802,0.8675078863669158,0.8879732165622464,0.7660167129852344,0.4167,0.3768,0.4688,0.403,0.1948,0.1513,True,True,0.9040854122808479,0.03989999999999999,G1020
G1020-899,0.9784346983162292,0.7630685674974156,0.9577798861252899,0.6169045004811301,0.3875,0.4125,0.4545,0.4328,0.1813,0.1756,True,True,0.8707516329068223,0.024999999999999967,G1020
ORIGA-616,0.9574152300381616,0.6745562129778369,0.9183092422050305,0.5089285713831313,0.4744,0.2763,0.5067,0.507,0.2409,0.1407,True,True,0.8159857215079993,0.1981,ORIGA
REFUGE1-val-382,0.9464309450891076,0.8879227052711149,0.8983093615720841,0.7984361424154268,0.4557,0.5125,0.5161,0.6167,0.2425,0.309,True,True,0.9171768251801113,0.05679999999999996,REFUGE1-val
PAPILA-49,0.9513189176896223,0.8943243243122388,0.9071575083568265,0.8088486922315119,0.6893,0.6852,0.5905,0.6195,0.4055,0.4311,True,True,0.9228216210009306,0.0040999999999999925,PAPILA
REFUGE1-val-349,0.9693877550893591,0.9370629370083297,0.9405940593820616,0.8815789472717567,0.4545,0.4865,0.5156,0.4615,0.2264,0.2225,True,True,0.9532253460488445,0.03199999999999997,REFUGE1-val
PAPILA-206,0.9689131281576243,0.9274193547452199,0.9397007707278269,0.864661653972808,0.2737,0.2553,0.2955,0.2791,0.0786,0.076,True,True,0.948166241451422,0.018399999999999972,PAPILA
PAPILA-316,0.9450259863776808,0.8576923076510725,0.8957812933542079,0.7508417507785486,0.404,0.3723,0.4194,0.3563,0.1645,0.1386,True,True,0.9013591470143767,0.031700000000000006,PAPILA
G1020-547,0.9505874778613344,0.9438013049685582,0.9058282208450027,0.8935831008013718,0.617,0.6067,0.6437,0.6429,0.3903,0.3738,True,True,0.9471943914149463,0.010299999999999976,G1020
REFUGE1-train-107,0.9781516532190891,0.9008746355247389,0.9572375943069463,0.8196286471423847,0.4375,0.4815,0.5075,0.5441,0.2217,0.2584,True,True,0.939513144371914,0.043999999999999984,REFUGE1-train
ORIGA-65,0.9688780595750484,0.9205965336186781,0.9396348012687512,0.8528752799960511,0.5,0.5333,0.5263,0.5263,0.2621,0.2876,True,True,0.9447372965968632,0.033299999999999996,ORIGA
PAPILA-174,0.9708424084804971,0.5189340812736418,0.9433369743180866,0.35037878781242826,0.1649,0.2551,0.1702,0.2979,0.0256,0.0754,True,True,0.7448882448770695,0.0902,PAPILA
DRISHTI-GS1-test-10,0.9677885608044198,0.9638790438054152,0.9375875174941228,0.9302765647608402,0.8103,0.8632,0.8365,0.8056,0.6782,0.6906,True,True,0.9658338023049176,0.05289999999999995,DRISHTI-GS1-test
REFUGE1-train-194,0.9680063458359598,0.8494749124358533,0.9379964129915963,0.7383367139210613,0.4384,0.4366,0.5224,0.5152,0.2339,0.2191,True,True,0.9087406291359066,0.0018000000000000238,REFUGE1-train
REFUGE1-train-64,0.9477880658314328,0.912641315472115,0.9007577609166278,0.839319470620102,0.4932,0.473,0.5294,0.5075,0.2597,0.2408,True,True,0.9302146906517739,0.02020000000000005,REFUGE1-train
REFUGE1-train-38,0.9749999999894935,0.9327776770985183,0.9512195121751216,0.8740237690704916,0.8025,0.7654,0.7639,0.7568,0.6085,0.5812,True,True,0.9538888385440059,0.03710000000000002,REFUGE1-train
G1020-37,0.9731578947283056,0.8697696285439696,0.9477191183846281,0.7695507486880573,0.4706,0.407,0.4643,0.4235,0.2137,0.1602,True,True,0.9214637616361376,0.06360000000000005,G1020
ORIGA-501,0.9761880839849674,0.8849445324600652,0.9534838076358492,0.7936327458332215,0.5732,0.4824,0.6184,0.5921,0.3526,0.2826,True,True,0.9305663082225163,0.09080000000000005,ORIGA
G1020-52,0.9797414978368343,0.8171679621217585,0.9602875112136516,0.6908571428176653,0.5833,0.4941,0.561,0.4512,0.321,0.2216,True,True,0.8984547299792964,0.08920000000000006,G1020
REFUGE1-val-224,0.9735891020204467,0.9229195088361897,0.9485373780977151,0.8568714375644793,0.5169,0.4731,0.5789,0.5467,0.294,0.2504,True,True,0.9482543054283181,0.043800000000000006,REFUGE1-val
ORIGA-650,0.9538268244063047,0.8786343024572251,0.9117293834885563,0.7835394861663397,0.5732,0.6118,0.6133,0.7183,0.3432,0.4426,True,True,0.9162305634317649,0.03859999999999997,ORIGA
ORIGA-169,0.9828422671756851,0.9112875388018196,0.9662633782930139,0.8370323398327817,0.5385,0.6154,0.5797,0.6087,0.3108,0.3751,True,True,0.9470649029887523,0.07689999999999997,ORIGA
ORIGA-476,0.9728088336649716,0.9003389829898075,0.9470572426512481,0.8187422933639036,0.4384,0.4085,0.4923,0.4603,0.2171,0.1893,True,True,0.9365739083273896,0.029900000000000038,ORIGA
G1020-225,0.9687303252783973,0.8722786646998448,0.9393569393378235,0.7734877734379995,0.5904,0.6024,0.5556,0.4384,0.3221,0.2576,True,True,0.920504494989121,0.01200000000000001,G1020
REFUGE1-train-122,0.9470578593517939,0.8604651162076025,0.8994396014663936,0.7551020407062534,0.4462,0.4127,0.4754,0.4167,0.2176,0.1764,True,True,0.9037614877796982,0.033499999999999974,REFUGE1-train
PAPILA-256,0.9843290891234852,0.8288447909137342,0.9691417550533351,0.7077155824294187,0.4779,0.5752,0.4741,0.5739,0.2267,0.3272,True,True,0.9065869400186097,0.09730000000000005,PAPILA
PAPILA-165,0.9454222509208345,0.33527696788115496,0.8964936456760605,0.20140105075281944,0.2872,0.1573,0.3218,0.119,0.0885,0.0194,True,True,0.6403496094009947,0.12990000000000002,PAPILA
REFUGE1-train-24,0.97476066143413,0.8569767441694385,0.950764006770994,0.7497456764750849,0.7875,0.7,0.7973,0.6986,0.6353,0.4868,True,True,0.9158687028017842,0.08750000000000002,REFUGE1-train
REFUGE1-val-361,0.9589509692041148,0.9211544183004715,0.9211391018451782,0.8538334252149016,0.5116,0.5393,0.5921,0.6316,0.3069,0.3308,True,True,0.9400526937522932,0.027699999999999947,REFUGE1-val
ORIGA-613,0.9842602308384719,0.9382495077691382,0.9690082644405645,0.88368172620082,0.7692,0.8,0.8,0.8696,0.6151,0.6872,True,True,0.961254869303805,0.03080000000000005,ORIGA
G1020-249,0.9606519801227473,0.8456221197182463,0.924283263883257,0.732534929993506,0.3333,0.3462,0.375,0.2727,0.1291,0.0934,True,True,0.9031370499204968,0.012900000000000023,G1020
ORIGA-365,0.917694949740266,0.9073426573030008,0.8479078514140126,0.830399999933568,0.4744,0.5753,0.5286,0.5625,0.2543,0.3343,True,True,0.9125188035216334,0.10090000000000005,ORIGA
DRISHTI-GS1-train-7,0.9798250312356737,0.6571042861853341,0.9604480223843114,0.48931892434055496,0.6092,0.9091,0.5679,0.7711,0.3536,0.6986,True,True,0.8184646587105039,0.29990000000000006,DRISHTI-GS1-train
REFUGE1-val-205,0.9700233860040391,0.8497459472332508,0.9417916609200249,0.7387463188582775,0.5714,0.451,0.6044,0.5275,0.3435,0.2442,True,True,0.909884666618645,0.12040000000000001,REFUGE1-val
REFUGE1-train-220,0.9440514469331955,0.8478676002006449,0.8940316686749322,0.7359116021286286,0.4853,0.3803,0.4789,0.4306,0.2302,0.1755,True,True,0.8959595235669202,0.10499999999999998,REFUGE1-train
G1020-741,0.9217017424652443,0.794386821183991,0.854774396624244,0.6589068825244022,0.4691,0.375,0.5312,0.3881,0.2421,0.1369,True,True,0.8580442818246177,0.09410000000000002,G1020
PAPILA-471,0.95558051669072,0.9400792129686971,0.9149393820794394,0.8869334618879717,0.6,0.5785,0.6759,0.6765,0.4034,0.3955,True,True,0.9478298648297085,0.021499999999999964,PAPILA
ORIGA-388,0.9556856187211062,0.8940250798895003,0.9151321056698938,0.8083592707510735,0.5604,0.5227,0.6364,0.6024,0.3585,0.3199,True,True,0.9248553493053033,0.037699999999999956,ORIGA
PAPILA-122,0.9814439586169273,0.8879078694647234,0.9635640246993659,0.7984121504729579,0.4636,0.5398,0.5648,0.5229,0.2599,0.2957,True,True,0.9346759140408254,0.07619999999999993,PAPILA
PAPILA-246,0.9178418148304885,0.8658270360895747,0.8481586402146153,0.7633994669599231,0.6774,0.7553,0.6556,0.6292,0.4433,0.4695,True,True,0.8918344254600317,0.07789999999999997,PAPILA
REFUGE1-train-10,0.9460353679298797,0.8615298715560712,0.8975968824226543,0.7567435016794142,0.5897,0.6316,0.6316,0.7101,0.3767,0.4443,True,True,0.9037826197429755,0.04190000000000005,REFUGE1-train
G1020-963,0.9542743538661996,0.8552292632222962,0.9125475284978338,0.7470747074035036,0.4699,0.4198,0.4932,0.4783,0.2357,0.1912,True,True,0.9047518085442479,0.05009999999999998,G1020
G1020-887,0.9247067725893926,0.7862873814160257,0.859957776183675,0.6478365383836735,0.4211,0.4559,0.5957,0.5957,0.2512,0.2686,True,True,0.8554970770027092,0.03480000000000005,G1020
REFUGE1-train-74,0.9616067768689492,0.8518518517974552,0.9260526315545776,0.7419354837884388,0.4167,0.4444,0.4844,0.5077,0.207,0.2209,True,True,0.9067293143332023,0.027700000000000002,REFUGE1-train
G1020-276,0.8475766799145967,0.575516693072255,0.7354733847730406,0.40401785705267457,0.4068,0.2941,0.4528,0.3333,0.1834,0.099,True,True,0.7115466864934259,0.11270000000000002,G1020
PAPILA-301,0.954477833972303,0.19452887535037555,0.9129197495627441,0.10774410772596901,0.243,0.1143,0.2718,0.1089,0.0666,0.0104,True,True,0.5745033546613393,0.12869999999999998,PAPILA
G1020-810,0.9473325379078348,0.761706555591914,0.8999352331314788,0.6151260503167856,0.4688,0.3667,0.4483,0.3279,0.2053,0.1234,True,True,0.8545195467498744,0.10209999999999997,G1020
ORIGA-63,0.9474442044500008,0.9463307776042534,0.9001367988809812,0.8981288980355375,0.4667,0.5352,0.5079,0.5254,0.2468,0.2809,True,True,0.9468874910271271,0.0685,ORIGA
REFUGE1-val-338,0.9455328309908984,0.882772680892825,0.896692527543963,0.7901459853293662,0.4304,0.45,0.493,0.4615,0.2163,0.2065,True,True,0.9141527559418616,0.019600000000000006,REFUGE1-val
REFUGE1-val-27,0.945937334031376,0.9496717723769326,0.8974203949839294,0.9041666665724827,0.4091,0.3864,0.5077,0.4648,0.2119,0.178,True,True,0.9478045532041544,0.022699999999999998,REFUGE1-val
REFUGE1-val-340,0.933297687462461,0.8839160838542716,0.8749373433364678,0.7919799497754412,0.4026,0.4,0.4697,0.5085,0.19,0.1925,True,True,0.9086068856583662,0.002599999999999991,REFUGE1-val
G1020-628,0.9240522706569537,0.8045612923406854,0.858826358805704,0.6730259671079477,0.6118,0.5222,0.75,0.6462,0.4823,0.3376,True,True,0.8643067814988196,0.08960000000000001,G1020
REFUGE1-val-342,0.9657010840504202,0.9114463758459914,0.9336769759289747,0.8373003916590148,0.7204,0.734,0.7467,0.7564,0.5324,0.5507,True,True,0.9385737299482058,0.013599999999999945,REFUGE1-val
G1020-743,0.9680539932399543,0.9235917456261242,0.9380858948999764,0.8580310879939864,0.4286,0.4359,0.4507,0.4533,0.197,0.2061,True,True,0.9458228694330393,0.007300000000000029,G1020
G1020-732,0.9250132954985816,0.8830845770045915,0.8604881266206963,0.790645879556649,0.3385,0.4107,0.3898,0.4068,0.1316,0.1549,True,True,0.9040489362515866,0.07219999999999999,G1020
G1020-908,0.9570403804226885,0.9018534119439374,0.9176197836025097,0.8212504794468258,0.5652,0.6047,0.5955,0.6932,0.3402,0.428,True,True,0.9294468961833129,0.03949999999999998,G1020
ORIGA-223,0.9329818232144723,0.8775409022866861,0.8743823146716676,0.7818021200722789,0.4789,0.5312,0.5217,0.5821,0.2497,0.3144,True,True,0.9052613627505792,0.05230000000000001,ORIGA
ORIGA-598,0.9442320665511105,0.9397513547676203,0.8943556975315367,0.8863499698805561,0.5479,0.557,0.6757,0.6216,0.3687,0.3381,True,True,0.9419917106593654,0.009099999999999997,ORIGA
G1020-617,0.9667982770911091,0.9569324812182014,0.9357304151305241,0.9174214171061575,0.5652,0.5699,0.5714,0.5658,0.3206,0.3253,True,True,0.9618653791546552,0.0046999999999999265,G1020
DRISHTI-GS1-train-47,0.9698592411186515,0.9192546583602687,0.9414822515826307,0.8505747126011707,0.5263,0.5104,0.5402,0.5455,0.2876,0.2792,True,True,0.9445569497394601,0.015900000000000025,DRISHTI-GS1-train
REFUGE1-train-251,0.9508918740260857,0.9579158316153349,0.9063811922563733,0.9192307691423816,0.4675,0.4375,0.5,0.4667,0.2298,0.2106,True,True,0.9544038528207103,0.030000000000000027,REFUGE1-train
REFUGE1-val-263,0.9644929217804072,0.9463414633684712,0.9314208874735227,0.8981481480649862,0.4684,0.4875,0.5147,0.493,0.2451,0.231,True,True,0.9554171925744392,0.019100000000000006,REFUGE1-val
PAPILA-47,0.9778546712735096,0.3783783783272462,0.9566689234806138,0.23333333329444444,0.1489,0.2872,0.1735,0.2647,0.0272,0.0749,True,True,0.6781165248003779,0.1383,PAPILA
REFUGE1-val-395,0.9507552498962206,0.9121951219067223,0.9061329587802872,0.838565022346317,0.4684,0.443,0.5373,0.5469,0.2482,0.2555,True,True,0.9314751859014714,0.025399999999999978,REFUGE1-val
ORIGA-360,0.9016281296907699,0.8492101483557104,0.8208769307219512,0.7379367719851966,0.4795,0.5538,0.5571,0.5692,0.2603,0.3168,True,True,0.8754191390232402,0.07429999999999998,ORIGA
REFUGE1-train-133,0.9725149375233838,0.8912399491793805,0.9465003171717805,0.8038167938317696,0.5062,0.4938,0.5556,0.4861,0.2793,0.2344,True,True,0.9318774433513821,0.012399999999999967,REFUGE1-train
G1020-117,0.9281308661715187,0.9212384573100902,0.8658994245467626,0.853977844828401,0.4444,0.5128,0.5082,0.5161,0.2223,0.2727,True,True,0.9246846617408044,0.06840000000000002,G1020
PAPILA-50,0.9588519176977467,0.06896551722308607,0.9209563308011592,0.035714285704474096,0.1667,0.1188,0.1875,0.1633,0.0316,0.0166,True,True,0.5139087174604163,0.047899999999999984,PAPILA
REFUGE1-val-250,0.9237629459015569,0.9449966864847583,0.8583266506052305,0.8957286431035517,0.4177,0.378,0.5085,0.5882,0.2162,0.218,True,True,0.9343798161931576,0.03970000000000001,REFUGE1-val
G1020-966,0.9559272727133683,0.6070038909915365,0.915575369158106,0.4357541898832746,0.4366,0.3433,0.4531,0.3065,0.1998,0.0948,True,True,0.7814655818524524,0.0933,G1020
G1020-255,0.9802235597487078,0.796938775469544,0.9612141652411211,0.6624257845070037,0.4756,0.4051,0.5342,0.4583,0.2524,0.1686,True,True,0.8885811676091259,0.07050000000000001,G1020
ORIGA-572,0.9572212757812112,0.9249198582600824,0.9179524414427672,0.860326428096035,0.7263,0.7143,0.7867,0.75,0.579,0.5414,True,True,0.9410705670206467,0.0119999999999999,ORIGA
PAPILA-150,0.9476070202645709,0.9124741557232091,0.900430769219687,0.8390367553333943,0.463,0.4528,0.4255,0.4176,0.1988,0.1765,True,True,0.93004058799389,0.010200000000000042,PAPILA
REFUGE1-train-228,0.9602498580215751,0.8723936613117269,0.9235390496743983,0.7736686389388064,0.4265,0.3824,0.4531,0.3824,0.195,0.1467,True,True,0.9163217596666511,0.04409999999999997,REFUGE1-train
REFUGE1-train-313,0.9243266353043573,0.8334680678725357,0.8593004769304591,0.7144837144342007,0.4634,0.5227,0.5072,0.527,0.2349,0.2906,True,True,0.8788973515884465,0.059300000000000075,REFUGE1-train
ORIGA-99,0.9823166265461721,0.9690251059351476,0.965247789410544,0.9399114483908974,0.5488,0.561,0.5946,0.5811,0.3251,0.3167,True,True,0.9756708662406599,0.0122000000000001,ORIGA
REFUGE1-train-254,0.8996365669471658,0.927821939557144,0.8175813007991602,0.8653618030328967,0.5172,0.5176,0.5732,0.5844,0.2935,0.2926,True,True,0.9137292532521548,0.00039999999999995595,REFUGE1-train
ORIGA-179,0.9831342234600241,0.9462626262243935,0.9668279198118677,0.8980061349004596,0.5395,0.5,0.5556,0.5714,0.2995,0.28,True,True,0.9646984248422088,0.03949999999999998,ORIGA
ORIGA-359,0.9659712149842019,0.8193456614217872,0.9341821320471692,0.693975903572652,0.5119,0.625,0.5652,0.5286,0.2988,0.3291,True,True,0.8926584382029945,0.11309999999999998,ORIGA
G1020-832,0.9299736895271202,0.9190751444791563,0.8691129184628502,0.8502673796286234,0.561,0.5432,0.5185,0.6301,0.2898,0.3433,True,True,0.9245244170031383,0.017800000000000038,G1020
ORIGA-24,0.9770525242123707,0.9544502617551192,0.9551345961923203,0.9128693039102218,0.6049,0.6125,0.6494,0.641,0.3882,0.3909,True,True,0.9657513929837449,0.007600000000000051,ORIGA
ORIGA-253,0.9340823969920838,0.7538185085016255,0.8763176387707585,0.6049026675843617,0.5333,0.4648,0.6176,0.473,0.3352,0.2222,True,True,0.8439504527468547,0.0685,ORIGA
ORIGA-20,0.9396305937654689,0.8399999999519999,0.8861351414335719,0.7241379309631392,0.4487,0.3973,0.507,0.5,0.2303,0.2018,True,True,0.8898152968587344,0.0514,ORIGA
ORIGA-303,0.9679144384890527,0.8757549611356448,0.9378238341713165,0.7789716039310075,0.5217,0.5072,0.5821,0.7031,0.3041,0.3491,True,True,0.9218346998123488,0.014500000000000068,ORIGA
REFUGE1-val-63,0.9594143810140898,0.9104258443131269,0.921994657151879,0.8355795147684919,0.4643,0.4886,0.5316,0.5185,0.2478,0.2566,True,True,0.9349201126636084,0.02429999999999999,REFUGE1-val
G1020-894,0.9709997455994531,0.8884435537148668,0.9436341161695023,0.799278846057779,0.44,0.4444,0.4559,0.403,0.2039,0.1762,True,True,0.92972164965716,0.004400000000000015,G1020
G1020-789,0.9611334001885515,0.810557184703193,0.9251749939433943,0.6814595660077456,0.4079,0.5195,0.4308,0.5075,0.1799,0.2455,True,True,0.8858452924458723,0.11159999999999998,G1020
REFUGE1-train-49,0.96902779076477,0.9520766772824965,0.9399165002552202,0.9085365853042996,0.5,0.4362,0.5616,0.5467,0.2807,0.2474,True,True,0.9605522340236332,0.06380000000000002,REFUGE1-train
G1020-69,0.9445614034977243,0.6808259586618981,0.8949468084908035,0.5161001788447137,0.4103,0.4337,0.4783,0.4462,0.1978,0.1987,True,True,0.8126936810798112,0.023399999999999976,G1020
G1020-465,0.9426751592247518,0.9129383312628211,0.8915662650407106,0.8398220243782178,0.4304,0.4267,0.4648,0.4384,0.1976,0.1852,True,True,0.9278067452437864,0.003699999999999981,G1020
G1020-10,0.9679580541659196,0.8226720647107147,0.9379057295812051,0.6987620356672954,0.4507,0.4143,0.4762,0.4098,0.2065,0.1519,True,True,0.8953150594383172,0.03639999999999999,G1020
PAPILA-104,0.9709187811321346,0.8987968859944234,0.9434811979177721,0.8161953726457333,0.2768,0.292,0.299,0.2828,0.0842,0.0795,True,True,0.934857833563279,0.015199999999999991,PAPILA
G1020-848,0.9748755916861891,0.8269370021124592,0.9509827136881132,0.7049382715179089,0.4321,0.3457,0.4394,0.4127,0.1928,0.1414,True,True,0.9009062968993242,0.08639999999999998,G1020
REFUGE1-val-64,0.899210868036168,0.8760539628635728,0.8168784028889859,0.7794448611568308,0.4471,0.4471,0.5135,0.5455,0.2276,0.2459,True,True,0.8876324154498705,0.0,REFUGE1-val
G1020-138,0.9632113431599615,0.8073770491389664,0.9290334503616886,0.6769759449590227,0.378,0.4458,0.4051,0.4762,0.1553,0.217,True,True,0.8852941961494639,0.06779999999999997,G1020
ORIGA-136,0.9722485447275993,0.7897286821322806,0.9459957850119601,0.6525220175618477,0.5493,0.4085,0.6119,0.5385,0.3336,0.2237,True,True,0.88098861342994,0.14080000000000004,ORIGA
REFUGE1-train-80,0.949538024153642,0.8360037699888783,0.9039242219011294,0.718218623423626,0.4699,0.44,0.5735,0.5441,0.2671,0.2343,True,True,0.8927708970712601,0.029899999999999982,REFUGE1-train
PAPILA-80,0.9542591481632103,0.9318497913337113,0.9125197189027318,0.8723958332576045,0.4021,0.4124,0.4111,0.3908,0.1649,0.1585,True,True,0.9430544697484609,0.010299999999999976,PAPILA
G1020-327,0.9592050209104684,0.6641914191145136,0.9216080401824802,0.4972205064547733,0.5802,0.3947,0.5385,0.4805,0.3131,0.1899,True,True,0.811698220012491,0.18550000000000005,G1020
G1020-802,0.9650705528456502,0.92649903283721,0.9324988824109858,0.8630630629853095,0.4667,0.4935,0.5135,0.4667,0.2467,0.2318,True,True,0.9457847928414301,0.02679999999999999,G1020
REFUGE1-val-387,0.9401434843030287,0.8900819440268415,0.8870478884443919,0.8019348268430786,0.6364,0.6707,0.5753,0.5844,0.3667,0.3898,True,True,0.9151127141649351,0.0343,REFUGE1-val
PAPILA-121,0.9431066686811898,0.8524590163649228,0.8923385555894885,0.7428571428138275,0.3879,0.3333,0.4324,0.4128,0.1622,0.1394,True,True,0.8977828425230563,0.05460000000000004,PAPILA
CRFO-v4-38,0.9511341147670705,0.4174153420582297,0.9068214803800633,0.2637554584922484,0.5,0.4348,0.5246,0.4426,0.2613,0.1801,True,True,0.6842747284126501,0.06519999999999998,CRFO-v4
G1020-795,0.9601178336623598,0.8394708616074555,0.9232948354560189,0.7233518175771194,0.5526,0.525,0.5972,0.5694,0.3391,0.2964,True,True,0.8997943476349077,0.027599999999999958,G1020
G1020-308,0.8955116047963919,0.9119999999778909,0.8107931316302405,0.8382352940802926,0.6129,0.5484,0.6098,0.6301,0.3731,0.3718,True,True,0.9037558023871415,0.0645,G1020
DRISHTI-GS1-test-27,0.9502271189624989,0.8892778993305722,0.9051740010881021,0.8006304176306638,0.7927,0.8471,0.7975,0.8272,0.6349,0.6884,True,True,0.9197525091465355,0.054400000000000004,DRISHTI-GS1-test
PAPILA-355,0.9673526924106718,0.782711198397536,0.9367696843842221,0.6429954809139448,0.3303,0.3717,0.3495,0.4381,0.1147,0.1718,True,True,0.8750319454041039,0.04139999999999999,PAPILA
REFUGE1-train-235,0.9486913708091644,0.906882591040666,0.9023909292358296,0.8296296295418382,0.4507,0.4861,0.4783,0.4714,0.2186,0.2293,True,True,0.9277869809249153,0.03539999999999999,REFUGE1-train
REFUGE1-train-367,0.9222140221266094,0.8567103934986523,0.8556559846383003,0.749338040534039,0.5072,0.5303,0.5821,0.541,0.2961,0.2884,True,True,0.8894622078126309,0.02310000000000001,REFUGE1-train
G1020-825,0.9658753709096451,0.8861386138175179,0.9340028694213158,0.7955555554848395,0.4684,0.425,0.4933,0.4487,0.2346,0.1943,True,True,0.9260069923635815,0.043399999999999994,G1020
G1020-649,0.9333200834648383,0.8611111110591116,0.8749767095048449,0.7560975608954298,0.4353,0.3587,0.4384,0.375,0.1938,0.1372,True,True,0.897215597261975,0.0766,G1020
ORIGA-1,0.9821319619891734,0.9566130160784357,0.9648912484849308,0.9168343393388051,0.7053,0.7158,0.7273,0.6753,0.5194,0.4771,True,True,0.9693724890338046,0.010499999999999954,ORIGA
PAPILA-46,0.9523691698567835,0.865663900392488,0.9090694378730624,0.7631458618763994,0.534,0.5046,0.4433,0.5,0.2401,0.2371,True,True,0.9090165351246358,0.02939999999999998,PAPILA
REFUGE1-val-200,0.924415043477589,0.9314173742043489,0.8594533029416981,0.8716381417027338,0.4026,0.3614,0.5156,0.4769,0.2062,0.1706,True,True,0.9279162088409689,0.041200000000000014,REFUGE1-val
REFUGE1-val-62,0.9183404192798953,0.8971962616177428,0.8490105719477091,0.813559321927828,0.4306,0.4412,0.4923,0.4655,0.2083,0.1988,True,True,0.907768340448819,0.010599999999999998,REFUGE1-val
PAPILA-308,0.9205560158250892,0.467787114780422,0.8528057308399658,0.3053016452823946,0.3023,0.1807,0.3103,0.2078,0.094,0.0331,True,True,0.6941715653027556,0.12160000000000001,PAPILA
G1020-828,0.8927221948267994,0.6628895183197041,0.806231453982011,0.4957627117593723,0.3803,0.2812,0.3833,0.3148,0.1411,0.0854,True,True,0.7778058565732517,0.09910000000000002,G1020
REFUGE1-val-333,0.9352331606107485,0.9344748106376531,0.8783454987640269,0.8770086526033987,0.5921,0.6049,0.6364,0.5556,0.3749,0.3424,True,True,0.9348539856242009,0.012800000000000034,REFUGE1-val
REFUGE1-train-18,0.9307966706191343,0.9387393767539175,0.8705516014041248,0.8845512178550367,0.7805,0.8846,0.8,0.8095,0.6168,0.7344,True,True,0.9347680236865259,0.10410000000000008,REFUGE1-train
REFUGE1-val-246,0.9687756778831995,0.8838763574867271,0.9394422310507453,0.7919161675461204,0.4079,0.3514,0.4516,0.4262,0.1777,0.1494,True,True,0.9263260176849633,0.056499999999999995,REFUGE1-val
REFUGE1-train-106,0.9616362865519114,0.9415229280209709,0.9261073688318819,0.8895071541423285,0.4684,0.4815,0.5405,0.5132,0.2494,0.2543,True,True,0.9515796072864411,0.0131,REFUGE1-train
ORIGA-107,0.9793580246816853,0.919075144475467,0.9595509966913189,0.8502673796223083,0.4881,0.4819,0.5823,0.5395,0.2893,0.2568,True,True,0.9492165845785762,0.006199999999999983,ORIGA
ORIGA-111,0.9574251835013277,0.9242837653163615,0.9183275563059288,0.8592263791465297,0.5811,0.5467,0.6027,0.5641,0.3479,0.3155,True,True,0.9408544744088445,0.034399999999999986,ORIGA
ORIGA-241,0.9764465875280374,0.8747103902891693,0.9539771697598483,0.7773202407102529,0.6824,0.7805,0.6585,0.7683,0.4451,0.5989,True,True,0.9255784889086034,0.09809999999999997,ORIGA
G1020-897,0.9276039233858383,0.4675925925384731,0.8649825783720969,0.3051359516155384,0.4179,0.3,0.4478,0.2419,0.1922,0.0678,True,True,0.6975982579621557,0.1179,G1020
ORIGA-549,0.9759184058836913,0.9638790734007876,0.9529693839735712,0.9302766198965413,0.7059,0.6867,0.6914,0.6875,0.4885,0.4735,True,True,0.9698987396422394,0.019199999999999995,ORIGA
REFUGE1-train-204,0.9633458646503366,0.8865323435372994,0.9292837715111223,0.7961904761146484,0.473,0.4533,0.507,0.4865,0.2371,0.2072,True,True,0.924939104093818,0.019699999999999995,REFUGE1-train
DRISHTI-GS1-train-16,0.973181690529534,0.8812260536289553,0.9477642554225658,0.7876712328593091,0.6939,0.7778,0.7363,0.8085,0.5125,0.621,True,True,0.9272038720792446,0.08390000000000009,DRISHTI-GS1-train
REFUGE1-val-107,0.9724553729640328,0.8876467299671522,0.946387482720976,0.7979899496685438,0.4458,0.3902,0.5152,0.4848,0.2346,0.1883,True,True,0.9300510514655925,0.05559999999999998,REFUGE1-val
PAPILA-282,0.9184636978377028,0.41592920344780326,0.8492213308064036,0.2625698323288911,0.1636,0.1287,0.2474,0.1368,0.0404,0.0156,True,True,0.667196450642753,0.03489999999999999,PAPILA
ORIGA-594,0.9849654611812954,0.9461811150194592,0.9703763010149353,0.8978593271622104,0.6714,0.6429,0.6716,0.6176,0.4341,0.4063,True,True,0.9655732881003773,0.02849999999999997,ORIGA
ORIGA-341,0.9422888816330584,0.9359278594714795,0.8908754623738003,0.8795718108046768,0.4321,0.4416,0.5263,0.5417,0.2259,0.2325,True,True,0.9391083705522689,0.009500000000000008,ORIGA
PAPILA-435,0.9458563535816589,0.6541471047489598,0.8972746331065891,0.4860465115148729,0.2471,0.2118,0.3205,0.2192,0.0785,0.0483,True,True,0.8000017291653093,0.0353,PAPILA
G1020-459,0.979638941546619,0.8506127856624508,0.9600904830996916,0.7400576368449534,0.4725,0.5169,0.5059,0.4943,0.2423,0.2554,True,True,0.915125863604535,0.04440000000000005,G1020
ORIGA-479,0.9683114531352612,0.9399158055514767,0.9385695480267975,0.8866425992139608,0.5,0.5556,0.5584,0.5584,0.2857,0.3058,True,True,0.954113629343369,0.05559999999999998,ORIGA
REFUGE1-val-55,0.9082645616444412,0.9143576825620681,0.8319456616820345,0.8422273780925491,0.4304,0.3529,0.5,0.4638,0.2162,0.1681,True,True,0.9113111221032546,0.07750000000000001,REFUGE1-val
REFUGE1-val-3,0.957335763391953,0.8579009433709346,0.9181630382819297,0.7511615900489849,0.5682,0.4835,0.6024,0.4607,0.3348,0.2315,True,True,0.9076183533814438,0.08470000000000005,REFUGE1-val
REFUGE1-val-169,0.9108001281817028,0.9220151828211169,0.8362102785242015,0.8553137002746077,0.3827,0.3488,0.4265,0.4189,0.1675,0.1442,True,True,0.9164076555014098,0.033899999999999986,REFUGE1-val
G1020-973,0.9701234567781466,0.7635983263198954,0.9419803404233522,0.6175972926719461,0.45,0.4868,0.5,0.5077,0.2243,0.2481,True,True,0.866860891549021,0.0368,G1020
REFUGE1-train-237,0.9519639729678263,0.8951781970180723,0.9083313439744968,0.8102466792400145,0.439,0.4444,0.5161,0.5556,0.227,0.2503,True,True,0.9235710849929493,0.005400000000000016,REFUGE1-train
REFUGE1-train-240,0.8530513918515384,0.8572972972509568,0.7437572928647899,0.750236518377461,0.4783,0.4304,0.5667,0.5217,0.2801,0.2234,True,True,0.8551743445512476,0.0479,REFUGE1-train
G1020-338,0.971992597150253,0.8394863562729143,0.945511281782393,0.7233748270092152,0.4247,0.3562,0.4143,0.3803,0.1756,0.1322,True,True,0.9057394767115836,0.0685,G1020
PAPILA-272,0.9465586493229862,0.7933398628018277,0.8985394855771159,0.6574675323608008,0.2887,0.22,0.2826,0.25,0.0835,0.0567,True,True,0.8699492560624069,0.06870000000000001,PAPILA
PAPILA-299,0.9794274708834857,0.5132743362182965,0.9596843369195457,0.3452380951793813,0.3182,0.1932,0.3133,0.2169,0.0981,0.04,True,True,0.7463509035508911,0.12499999999999997,PAPILA
ORIGA-310,0.9154984933719966,0.9430051813122501,0.8441652572881333,0.8921568626826221,0.5135,0.5507,0.5972,0.7538,0.3122,0.4035,True,True,0.9292518373421234,0.03720000000000001,ORIGA
G1020-657,0.9703740898698171,0.7945425360518024,0.9424530602062313,0.6591211716832063,0.4133,0.3378,0.4478,0.3857,0.1855,0.1277,True,True,0.8824583129608097,0.07550000000000001,G1020
DRISHTI-GS1-test-34,0.972411702281549,0.7732634337936235,0.9463047647006003,0.6303418803149426,0.4787,0.5851,0.4719,0.5934,0.2246,0.353,True,True,0.8728375680375863,0.10639999999999994,DRISHTI-GS1-test
PAPILA-296,0.9676316110848441,0.648608534298753,0.9372929484034868,0.4799560680680968,0.4775,0.4,0.4737,0.2826,0.2209,0.1075,True,True,0.8081200726917985,0.07749999999999996,PAPILA
PAPILA-456,0.928157933791538,0.5365079364227765,0.8659465447878971,0.3665943600072463,0.233,0.1735,0.2667,0.175,0.0627,0.0283,True,True,0.7323329351071572,0.059500000000000025,PAPILA
PAPILA-69,0.9596846443232414,0.772599663088922,0.922493971742766,0.6294602012520832,0.4872,0.4649,0.4845,0.3956,0.245,0.178,True,True,0.8661421537060817,0.022300000000000042,PAPILA
DRISHTI-GS1-train-13,0.9684775318505963,0.8402597402460997,0.9388816644857841,0.724524076127533,0.5934,0.734,0.6739,0.6882,0.4035,0.5115,True,True,0.904368636048348,0.14059999999999995,DRISHTI-GS1-train
G1020-917,0.9691786621425132,0.8946910356442693,0.9402004271243601,0.8094488188339016,0.4556,0.4432,0.4699,0.4167,0.2184,0.1716,True,True,0.9319348488933913,0.012400000000000022,G1020
PAPILA-188,0.9483562161421567,0.8432147562304607,0.9017846448568476,0.7289293849243206,0.463,0.5,0.4639,0.3789,0.2083,0.1724,True,True,0.8957854861863087,0.03699999999999998,PAPILA
G1020-841,0.9833301027235575,0.8435091878825279,0.9672068636612544,0.729369554037449,0.6145,0.5542,0.6203,0.5316,0.3819,0.2731,True,True,0.9134196453030428,0.06030000000000002,G1020
DRISHTI-GS1-test-17,0.9742447858608012,0.7874807880286785,0.9497829232858208,0.649458400538155,0.625,0.7835,0.6932,0.809,0.4289,0.6287,True,True,0.8808627869447399,0.15849999999999997,DRISHTI-GS1-test
G1020-355,0.9129858206578293,0.9055118110026514,0.8399024023866385,0.8273381294613907,0.6552,0.5806,0.697,0.7183,0.4613,0.4227,True,True,0.9092488158302403,0.0746,G1020
ORIGA-44,0.9619710765831604,0.8966565349203398,0.9267285861521831,0.8126721762525707,0.5,0.55,0.5405,0.5333,0.274,0.2898,True,True,0.92931380575175,0.050000000000000044,ORIGA
PAPILA-17,0.9698254224944513,0.881271498032484,0.9414185165030706,0.7877438507042464,0.7,0.7455,0.6442,0.6602,0.4452,0.4954,True,True,0.9255484602634676,0.045500000000000096,PAPILA
G1020-972,0.9751191106302263,0.8675534990822699,0.9514462809720776,0.7660878446612781,0.3793,0.4471,0.3944,0.4714,0.1575,0.2091,True,True,0.9213363048562481,0.06779999999999997,G1020
G1020-993,0.9105570028419482,0.9431664410728574,0.8358005010057892,0.8924455824721581,0.3924,0.4571,0.4366,0.4462,0.1724,0.1965,True,True,0.9268617219574028,0.06469999999999998,G1020
PAPILA-118,0.9298403602052407,0.7389162560363028,0.8688800489463145,0.5859374998474121,0.2418,0.1932,0.2444,0.1882,0.0599,0.0388,True,True,0.8343783081207718,0.04859999999999998,PAPILA
G1020-726,0.9266839378118306,0.7343283581541545,0.8633840212198073,0.5801886791768646,0.44,0.3662,0.4507,0.4062,0.2013,0.1415,True,True,0.8305061479829925,0.07379999999999998,G1020
PAPILA-433,0.9686204854886404,0.9333808335969583,0.9391504018261865,0.8750835002755455,0.3826,0.4035,0.4479,0.4421,0.1685,0.1637,True,True,0.9510006595427993,0.02090000000000003,PAPILA
ORIGA-615,0.9461467037958896,0.8389743589456762,0.8977973568084185,0.7226148409468425,0.5195,0.6486,0.56,0.6056,0.2892,0.3955,True,True,0.892560531370783,0.1291,ORIGA
REFUGE1-val-299,0.9144670050645373,0.9355456285299587,0.8424129062229971,0.8788968823886215,0.4571,0.4026,0.4923,0.4507,0.2206,0.1805,True,True,0.925006316797248,0.05449999999999999,REFUGE1-val
REFUGE1-val-105,0.9327132959957035,0.8969482529457343,0.8739107237973696,0.8131515636877985,0.4588,0.3936,0.527,0.4545,0.2452,0.1878,True,True,0.9148307744707189,0.06519999999999998,REFUGE1-val
PAPILA-386,0.8829355414768393,0.8675754624699331,0.7904069767326976,0.7661220979564812,0.439,0.337,0.4598,0.4362,0.2055,0.1348,True,True,0.8752555019733862,0.10199999999999998,PAPILA
PAPILA-274,0.9828605914243641,0.8131539611117145,0.966298801459994,0.6851385390083053,0.4393,0.4057,0.5455,0.43,0.2384,0.1649,True,True,0.8980072762680393,0.03360000000000002,PAPILA
PAPILA-473,0.9485080878974769,0.8698532891211618,0.9020593282556747,0.7696817419790886,0.3762,0.3333,0.3689,0.3918,0.14,0.1319,True,True,0.9091806885093193,0.042899999999999994,PAPILA
ORIGA-612,0.9295347268892526,0.7982182627706808,0.868346456665564,0.6641957004696667,0.6471,0.6,0.65,0.537,0.4249,0.325,True,True,0.8638764948299666,0.04710000000000003,ORIGA
ORIGA-217,0.9712284213038376,0.9165474486925824,0.9440661478369634,0.8459507041508846,0.473,0.5,0.493,0.5797,0.2388,0.2869,True,True,0.94388793499821,0.027000000000000024,ORIGA
REFUGE1-val-50,0.9354619565111473,0.8753154971794389,0.8787492022786908,0.7782764810791493,0.4474,0.4405,0.5286,0.4861,0.2336,0.216,True,True,0.9053887268452931,0.006900000000000017,REFUGE1-val
PAPILA-68,0.953355821792757,0.8677991137050296,0.9108690820081031,0.7664709719004259,0.3704,0.4528,0.3585,0.3861,0.1349,0.1821,True,True,0.9105774677488934,0.08239999999999997,PAPILA
PAPILA-73,0.9346653055203831,0.7578757875105422,0.8773442847244717,0.6101449274478051,0.2222,0.2826,0.2526,0.375,0.059,0.1061,True,True,0.8462705465154626,0.06040000000000001,PAPILA
PAPILA-302,0.9188608275066041,0.7628716460650564,0.849900596412084,0.6166471277119991,0.2909,0.2793,0.3434,0.2347,0.1004,0.0637,True,True,0.8408662367858303,0.0116,PAPILA
G1020-305,0.9678990081066916,0.855189558714415,0.9377948628177915,0.7470141150652547,0.5955,0.6742,0.6667,0.7125,0.3936,0.4754,True,True,0.9115442834105534,0.07869999999999999,G1020
PAPILA-349,0.9371881188044578,0.41153846145931955,0.8818005663901952,0.25907990308496853,0.2198,0.1364,0.2796,0.1236,0.0616,0.0181,True,True,0.6743632901318887,0.0834,PAPILA
G1020-667,0.8544645694176285,0.1762452106942059,0.7459084604508763,0.09663865544188263,0.1481,0.3478,0.1194,0.375,0.0161,0.1382,True,True,0.5153548900559172,0.1997,G1020
PAPILA-486,0.931164415026825,0.7307692306911572,0.8711951848517422,0.5757575756606469,0.2967,0.2529,0.2963,0.3108,0.0894,0.0821,True,True,0.830966822858991,0.043800000000000006,PAPILA
G1020-552,0.9411988220676242,0.5149889554902181,0.8889287636660878,0.34679133020200636,0.3976,0.6437,0.4079,0.6585,0.1647,0.4222,True,True,0.7280938887789211,0.24610000000000004,G1020
ORIGA-385,0.9565324771430411,0.8981723237363402,0.9166863905108477,0.8151658767386177,0.6538,0.6711,0.7059,0.7424,0.4474,0.5,True,True,0.9273524004396907,0.017299999999999982,ORIGA
REFUGE1-val-390,0.9062341611605638,0.8576480989515783,0.8285449490012807,0.7507739936918307,0.4028,0.338,0.4912,0.5306,0.2019,0.1784,True,True,0.8819411300560711,0.06479999999999997,REFUGE1-val
REFUGE1-val-4,0.9737963082357842,0.8059467917992217,0.9489308175861905,0.6749672345117999,0.3902,0.3176,0.5,0.431,0.1977,0.1325,True,True,0.889871550017503,0.0726,REFUGE1-val
G1020-519,0.9290486795906928,0.8222357971397535,0.8674985145315658,0.6981327800105671,0.5147,0.4769,0.5806,0.5088,0.2877,0.2293,True,True,0.8756422383652231,0.037800000000000056,G1020
DRISHTI-GS1-test-32,0.9711501864887634,0.9085801240675572,0.9439183190153312,0.8324753324574758,0.8041,0.87,0.7791,0.764,0.636,0.6641,True,True,0.9398651552781603,0.06589999999999996,DRISHTI-GS1-test
G1020-874,0.9621134020494573,0.8097120270576108,0.9269927985863672,0.680265654584415,0.4133,0.5211,0.4627,0.5373,0.1952,0.2615,True,True,0.885912714553534,0.1078,G1020
PAPILA-128,0.9625304984231219,0.3090727816242201,0.9277675121631486,0.18278301884636994,0.3371,0.1724,0.4286,0.1512,0.1451,0.0275,True,True,0.635801640023671,0.1647,PAPILA
ORIGA-559,0.9825901381446411,0.6999287241375649,0.9657761094951253,0.5383771929529398,0.443,0.6538,0.4795,0.6301,0.2193,0.4121,True,True,0.841259431141103,0.21080000000000004,ORIGA
G1020-292,0.9758444002825907,0.880931065314193,0.9528282621818904,0.7871999999370239,0.4512,0.481,0.48,0.4935,0.2194,0.248,True,True,0.9283877327983918,0.029799999999999993,G1020
G1020-331,0.915454545440675,0.7430939225492964,0.8440905280568849,0.5912087910788552,0.338,0.2267,0.3966,0.4035,0.1333,0.0875,True,True,0.8292742339949857,0.11130000000000001,G1020
REFUGE1-train-140,0.9612555173987095,0.9418837674878815,0.9254013219800425,0.8901515150672205,0.4868,0.4605,0.5217,0.5217,0.2597,0.2298,True,True,0.9515696424432956,0.02629999999999999,REFUGE1-train
REFUGE1-val-193,0.9461388708477265,0.7081138039295981,0.897783251203886,0.548123980334727,0.3968,0.3651,0.4286,0.377,0.1694,0.1377,True,True,0.8271263373886624,0.031700000000000006,REFUGE1-val
G1020-109,0.9696162692050645,0.9472241260488536,0.941024436068115,0.8997395832161798,0.4189,0.4156,0.4203,0.4348,0.1747,0.1784,True,True,0.9584201976269591,0.0032999999999999696,G1020
G1020-626,0.9724146311705867,0.8857526881125166,0.94631031218197,0.7949336549101407,0.4267,0.4054,0.4638,0.3784,0.1995,0.1626,True,True,0.9290836596415517,0.02130000000000004,G1020
REFUGE1-train-143,0.9596450454155964,0.9327800829488474,0.922420796081998,0.8740279937111953,0.5125,0.4691,0.5333,0.4935,0.2745,0.2354,True,True,0.9462125641822219,0.04339999999999994,REFUGE1-train
ORIGA-437,0.9166666666522537,0.8635778635222923,0.8461538461292843,0.7599093996874395,0.4722,0.4839,0.5082,0.5,0.2415,0.2477,True,True,0.890122265087273,0.011699999999999988,ORIGA
G1020-734,0.9767090519831713,0.9056166762648745,0.9544783464332067,0.82751322742566,0.473,0.4459,0.5147,0.4559,0.2393,0.1962,True,True,0.9411628641240228,0.027099999999999957,G1020
G1020-807,0.9547182855057642,0.7689674842687412,0.9133597883396526,0.6246524559198653,0.3846,0.3659,0.4783,0.5857,0.1851,0.218,True,True,0.8618428848872527,0.018699999999999994,G1020
PAPILA-24,0.9717357910831663,0.6301158300671725,0.9450253958627872,0.45997745203382445,0.3523,0.2907,0.3895,0.2371,0.1348,0.0634,True,True,0.8009258105751694,0.06159999999999999,PAPILA
ORIGA-204,0.9301419426533518,0.8536953242406388,0.8694068678233765,0.7447368420399353,0.5135,0.4571,0.5846,0.5323,0.299,0.2517,True,True,0.8919186334469953,0.05639999999999995,ORIGA
PAPILA-288,0.9212035020624807,0.944782102664622,0.8539177720948017,0.8953431372329573,0.5968,0.6142,0.5424,0.5841,0.3255,0.3624,True,True,0.9329928023635514,0.01739999999999997,PAPILA
G1020-411,0.9813809802038792,0.9569913211001545,0.9634426229350256,0.9175295857648843,0.6452,0.6667,0.6867,0.6463,0.4439,0.4218,True,True,0.9691861506520169,0.021499999999999964,G1020
ORIGA-395,0.9859656939074852,0.9719730941431622,0.9723198593811002,0.9454743729037364,0.6026,0.6282,0.6438,0.6575,0.3812,0.4141,True,True,0.9789693940253237,0.025599999999999956,ORIGA
PAPILA-67,0.806293351371965,0.8933560476697324,0.6754535147296563,0.8072660098025082,0.4615,0.5301,0.4706,0.5517,0.2196,0.2777,True,True,0.8498246995208487,0.0686,PAPILA
G1020-440,0.9410916085522073,0.7292241643443967,0.8887375113398617,0.5738416988140038,0.5506,0.5,0.5357,0.4598,0.2932,0.2331,True,True,0.835157886448302,0.05059999999999998,G1020
G1020-231,0.954452405310204,0.8957415564687414,0.9128732256262145,0.8111702126580891,0.4412,0.4167,0.4366,0.375,0.1906,0.1589,True,True,0.9250969808894727,0.024499999999999966,G1020
ORIGA-97,0.964048727335208,0.9143364402815283,0.9305927342078281,0.8421913327537943,0.6163,0.6049,0.7564,0.6883,0.4669,0.4241,True,True,0.9391925838083681,0.011399999999999966,ORIGA
REFUGE1-val-132,0.9598934043842786,0.8361010829721226,0.9228798359999263,0.7183622827892852,0.3947,0.3625,0.4839,0.4833,0.193,0.1764,True,True,0.8979972436782007,0.032200000000000006,REFUGE1-val
G1020-943,0.9077777777651698,0.6151866151074407,0.8311291963166041,0.4442379181330413,0.3514,0.2698,0.3824,0.2615,0.1365,0.0736,True,True,0.7614821964363052,0.0816,G1020
REFUGE1-val-261,0.963089250695055,0.9567320612481395,0.9288063136973231,0.9170530653829442,0.5368,0.5567,0.6053,0.55,0.3312,0.3042,True,True,0.9599106559715973,0.019899999999999918,REFUGE1-val
PAPILA-341,0.9461152882131413,0.2216494844789563,0.8977407847666804,0.12463768112329342,0.2333,0.1124,0.2258,0.069,0.0522,0.007,True,True,0.5838823863460488,0.12090000000000001,PAPILA
REFUGE1-train-297,0.955842888497733,0.7357247437505225,0.9154205607262752,0.5819339895436054,0.4737,0.5844,0.5224,0.6957,0.2511,0.4116,True,True,0.8457838161241278,0.11070000000000002,REFUGE1-train
ORIGA-224,0.9097065462660608,0.9301489470742129,0.8343685300049997,0.8694191070153904,0.5476,0.6351,0.6625,0.7143,0.3579,0.4495,True,True,0.9199277466701369,0.08750000000000002,ORIGA
REFUGE1-val-20,0.9768105601025471,0.9394273127235998,0.9546722454450333,0.8857736239994005,0.4177,0.4444,0.5455,0.5,0.221,0.211,True,True,0.9581189364130734,0.0267,REFUGE1-val
G1020-394,0.9815638906423196,0.9141104293917723,0.9637952559060227,0.8418079095094003,0.4342,0.4416,0.4925,0.4531,0.2152,0.1993,True,True,0.947837160017046,0.007400000000000018,G1020
DRISHTI-GS1-train-39,0.9483527901659534,0.675606448686521,0.9017784493676417,0.5101251421954466,0.578,0.7207,0.4946,0.7273,0.2868,0.5145,True,True,0.8119796194262372,0.14270000000000005,DRISHTI-GS1-train
ORIGA-331,0.9716476642016784,0.8848137535563091,0.9448587126973144,0.7934224048924243,0.5882,0.5366,0.6579,0.6,0.3824,0.3203,True,True,0.9282307088789937,0.05159999999999998,ORIGA
PAPILA-441,0.9562772133440105,0.3787375414024127,0.9162176255707245,0.2336065572813088,0.2093,0.092,0.2048,0.1026,0.0436,0.0105,True,True,0.6675073773732116,0.11730000000000002,PAPILA
G1020-375,0.9687042215878452,0.8944399676958549,0.9393078512154105,0.8090379007567,0.4,0.4118,0.4348,0.4118,0.1757,0.1547,True,True,0.93157209464185,0.011799999999999977,G1020
G1020-829,0.9712535343900652,0.8702290075782296,0.94411360510893,0.7702702701835281,0.4321,0.3875,0.4706,0.4394,0.2036,0.1665,True,True,0.9207412709841474,0.04459999999999997,G1020
REFUGE1-train-362,0.9626490897526264,0.8483290487704944,0.9279878970974891,0.7366071427475287,0.3913,0.3857,0.4746,0.4746,0.1858,0.1805,True,True,0.9054890692615605,0.005599999999999994,REFUGE1-train
CRFO-v4-76,0.95879719957582,0.8239461565418369,0.9208553791684115,0.7006024095963492,0.5875,0.5584,0.6479,0.5224,0.3686,0.2762,True,True,0.8913716780588284,0.029100000000000015,CRFO-v4
PAPILA-342,0.9635264841737395,0.6782608694669188,0.9296199752925007,0.5131578946243075,0.2577,0.1961,0.2527,0.1702,0.0658,0.0333,True,True,0.8208936768203292,0.06159999999999999,PAPILA
PAPILA-454,0.9733048585092544,0.9527959331534933,0.9479979199044722,0.9098474340561825,0.4314,0.4078,0.4468,0.4505,0.1866,0.1809,True,True,0.9630503958313739,0.02360000000000001,PAPILA
PAPILA-166,0.9745601822492433,0.909952606595866,0.9503826215631895,0.8347826086296614,0.3636,0.4259,0.3617,0.427,0.132,0.1624,True,True,0.9422563944225546,0.06230000000000002,PAPILA
REFUGE1-train-145,0.968721251138814,0.9267532467051037,0.9393398750905589,0.8635043561603577,0.443,0.4342,0.5139,0.4857,0.2264,0.2161,True,True,0.9477372489219589,0.00880000000000003,REFUGE1-train
ORIGA-564,0.9573063972935043,0.892201834811227,0.9181090157344844,0.8053830226909542,0.4459,0.3973,0.5303,0.5873,0.2366,0.233,True,True,0.9247541160523656,0.04860000000000003,ORIGA
ORIGA-247,0.9546250168176299,0.8160291438608366,0.9131890777714274,0.6892307691777514,0.4925,0.5294,0.5571,0.6,0.2724,0.3187,True,True,0.8853270803392332,0.03689999999999999,ORIGA
DRISHTI-GS1-train-24,0.9820402298762388,0.9567058823304305,0.9647141848806507,0.9170049616185384,0.5977,0.6047,0.6506,0.6145,0.3952,0.3681,True,True,0.9693730561033347,0.007000000000000006,DRISHTI-GS1-train
PAPILA-271,0.9882024432740788,0.884750527024429,0.9766800055060483,0.7933207308888897,0.451,0.396,0.4889,0.4891,0.2175,0.1797,True,True,0.936476485149254,0.05499999999999999,PAPILA
ORIGA-9,0.9674336728156994,0.8934388087066805,0.9369215781554574,0.8074011773921445,0.4487,0.5263,0.5303,0.5758,0.2422,0.2992,True,True,0.9304362407611899,0.0776,ORIGA
PAPILA-275,0.9715294948712714,0.5844980939536851,0.9446352520820904,0.41292639130827175,0.268,0.1429,0.2935,0.2234,0.0772,0.0343,True,True,0.7780137944124783,0.12510000000000002,PAPILA
REFUGE1-train-253,0.9610962935623921,0.9031682284291314,0.9251062322782382,0.8234336858565147,0.4375,0.5,0.4405,0.4444,0.1926,0.2189,True,True,0.9321322609957617,0.0625,REFUGE1-train
REFUGE1-val-330,0.9408474940746305,0.9035257651722772,0.8883021933207088,0.8240282684930015,0.5,0.5287,0.5758,0.5139,0.2867,0.2695,True,True,0.9221866296234539,0.028699999999999948,REFUGE1-val
PAPILA-131,0.8968939847617275,0.6322444677942841,0.8130623642442901,0.4622496147207628,0.3187,0.236,0.3077,0.2405,0.1007,0.0572,True,True,0.7645692262780058,0.0827,PAPILA
G1020-71,0.9413108416715751,0.9156118143183963,0.8891286306906369,0.8443579766067616,0.5698,0.5652,0.5375,0.4878,0.3017,0.2823,True,True,0.9284613279949857,0.0045999999999999375,G1020
REFUGE1-val-232,0.9667715984497286,0.9170340680995177,0.9356804332896484,0.846780162779661,0.4938,0.4881,0.5672,0.6406,0.2793,0.3024,True,True,0.9419028332746231,0.005700000000000038,REFUGE1-val
REFUGE1-train-210,0.9646551723999331,0.8444444443963279,0.9317235636710596,0.7307692306971628,0.4493,0.5493,0.5,0.5156,0.223,0.2793,True,True,0.9045498083981305,0.10000000000000003,REFUGE1-train
REFUGE1-val-290,0.9284565916274323,0.8764542935802518,0.8664666166324965,0.78007889538658,0.4559,0.4795,0.5,0.5429,0.2289,0.2531,True,True,0.902455442603842,0.023599999999999954,REFUGE1-val
REFUGE1-val-255,0.9784227611134387,0.9350272231965507,0.9577570093278924,0.877982276695434,0.4719,0.5,0.5405,0.5405,0.2589,0.267,True,True,0.9567249921549947,0.028100000000000014,REFUGE1-val
G1020-817,0.9573010015713516,0.7940220922161129,0.9180990899713226,0.6584051723428443,0.3793,0.382,0.4225,0.4394,0.165,0.1595,True,True,0.8756615468937322,0.00269999999999998,G1020
REFUGE1-val-71,0.974281805732226,0.9096252754658615,0.9498532941864537,0.834231805817489,0.3855,0.378,0.4655,0.5263,0.1807,0.1917,True,True,0.9419535405990438,0.007500000000000007,REFUGE1-val
ORIGA-644,0.9798373983660176,0.9711026615784962,0.9604717883174932,0.9438285291595038,0.6629,0.6667,0.6591,0.6477,0.4264,0.4289,True,True,0.975470029972257,0.0037999999999999146,ORIGA
ORIGA-591,0.9824170168883916,0.9663039662870077,0.9654416722696318,0.9348047537882919,0.663,0.6374,0.7531,0.7531,0.4969,0.4804,True,True,0.9743604915876996,0.025600000000000067,ORIGA
ORIGA-387,0.9371428571336241,0.8049246444320755,0.8817204300911806,0.6735346358552918,0.55,0.8158,0.6279,0.7375,0.3516,0.5916,True,True,0.8710337507828498,0.2657999999999999,ORIGA
G1020-861,0.9235697940362537,0.662349676164445,0.8579931972545921,0.4951590594059255,0.4348,0.3167,0.4839,0.3636,0.2126,0.1141,True,True,0.7929597351003493,0.11810000000000004,G1020
REFUGE1-val-253,0.9459318497831543,0.9264322916365094,0.8974105228286754,0.8629472406996394,0.5222,0.4731,0.5844,0.494,0.3007,0.2368,True,True,0.9361820707098318,0.04909999999999998,REFUGE1-val
PAPILA-51,0.9588242910723888,0.8612493089628939,0.9209053600183944,0.7563106795382222,0.3426,0.3303,0.382,0.3053,0.1338,0.1017,True,True,0.9100368000176413,0.012300000000000033,PAPILA
REFUGE1-val-41,0.9565299209544925,0.9597960384200864,0.9166816952043881,0.9226998491356448,0.7093,0.6703,0.6842,0.7013,0.4901,0.4703,True,True,0.9581629796872895,0.039000000000000035,REFUGE1-val
G1020-609,0.9491279069668902,0.7931232091236032,0.9031811894703976,0.6571699904409145,0.3614,0.4458,0.4189,0.48,0.1508,0.2112,True,True,0.8711255580452467,0.08439999999999998,G1020
PAPILA-464,0.941893603539092,0.8094885099474063,0.8901690857266172,0.6799501867148257,0.3053,0.2688,0.3596,0.3953,0.1117,0.1014,True,True,0.8756910567432492,0.03650000000000003,PAPILA
CRFO-v4-44,0.959515971163275,0.9411175143838357,0.9221823157016901,0.8887837197875635,0.6118,0.5618,0.622,0.5595,0.3756,0.3359,True,True,0.9503167427735554,0.050000000000000044,CRFO-v4
G1020-34,0.9726955002078124,0.7671840354200159,0.9468424409749768,0.6223021581987648,0.4096,0.3494,0.4366,0.3333,0.1813,0.1139,True,True,0.8699397678139141,0.06020000000000003,G1020
CRFO-v4-5,0.9734844546015027,0.8576465402883365,0.9483387357992639,0.7507716048803417,0.4881,0.4444,0.527,0.4533,0.26,0.2114,True,True,0.9155654974449197,0.04369999999999996,CRFO-v4
G1020-48,0.9757857974275228,0.8625954197924557,0.9527165264616341,0.7583892616601354,0.4198,0.4458,0.4627,0.3971,0.1938,0.1724,True,True,0.9191906086099892,0.025999999999999968,G1020
G1020-827,0.8445426425024786,0.8824324323728086,0.7309163224609008,0.7896009672563965,0.3516,0.3625,0.3478,0.3947,0.1236,0.1406,True,True,0.8634875374376436,0.010899999999999965,G1020
REFUGE1-val-108,0.9585115483216583,0.9135021096725211,0.9203285420755579,0.840776698974707,0.5676,0.5195,0.6104,0.5185,0.3447,0.2667,True,True,0.9360068289970898,0.04810000000000003,REFUGE1-val
REFUGE1-train-54,0.9451548735346674,0.8530682799977067,0.8960129310183906,0.7437829690471904,0.5,0.4302,0.5256,0.4217,0.266,0.1773,True,True,0.899111576766187,0.06979999999999997,REFUGE1-train
ORIGA-569,0.9840182648308217,0.7471947194472873,0.9685393258245593,0.5964172813173647,0.4405,0.5904,0.519,0.5875,0.2275,0.3484,True,True,0.8656064921390545,0.14990000000000003,ORIGA
ORIGA-192,0.9680120972319645,0.5215281988768024,0.9380072136848961,0.3527481541958369,0.5,0.3289,0.5493,0.3425,0.271,0.1154,True,True,0.7447701480543834,0.17109999999999997,ORIGA
REFUGE1-val-21,0.9671791516632081,0.9070723683837553,0.9364442567369838,0.8299473287562116,0.4615,0.5125,0.5342,0.5395,0.2504,0.279,True,True,0.9371257600234817,0.050999999999999934,REFUGE1-val
ORIGA-277,0.9761006289220475,0.9695945945763965,0.9533169533002226,0.9409836065230972,0.6344,0.6703,0.7179,0.75,0.4556,0.5029,True,True,0.972847611749222,0.03590000000000004,ORIGA
G1020-852,0.9149355572264605,0.7255956955629826,0.8432084963431189,0.5693606754439855,0.4265,0.4242,0.4754,0.4688,0.2005,0.1941,True,True,0.8202656263947216,0.0022999999999999687,G1020
G1020-29,0.9571953520612057,0.6486090775513463,0.917904761887278,0.47995666300325496,0.2738,0.4096,0.3421,0.4533,0.0895,0.1804,True,True,0.802902214806276,0.13580000000000003,G1020
ORIGA-11,0.9803921568490142,0.9374271278298707,0.9615384615120457,0.8822238477774524,0.5821,0.6269,0.5942,0.597,0.3517,0.3691,True,True,0.9589096423394424,0.04480000000000006,ORIGA
REFUGE1-val-127,0.9573326520061659,0.9312809235331896,0.9181573143612312,0.8713991768650824,0.4286,0.45,0.5231,0.5397,0.2257,0.239,True,True,0.9443067877696778,0.02140000000000003,REFUGE1-val
ORIGA-412,0.9027491408779597,0.5720207253293242,0.8227372376817182,0.40058055146580834,0.4348,0.2951,0.5085,0.3455,0.2158,0.1051,True,True,0.737384933103642,0.13970000000000005,ORIGA
REFUGE1-train-81,0.950198594551887,0.8572289156368305,0.905122235139598,0.750131786992613,0.5412,0.5581,0.5915,0.6486,0.3248,0.3508,True,True,0.9037137550943588,0.016900000000000026,REFUGE1-train
ORIGA-293,0.9542195256375706,0.8591065291827833,0.9124472573647163,0.7530120481515327,0.6,0.5256,0.6533,0.5972,0.386,0.3173,True,True,0.906663027410177,0.07440000000000002,ORIGA
ORIGA-18,0.9591280653837325,0.9455665867529762,0.9214659685654117,0.896753246695016,0.5775,0.5833,0.5769,0.625,0.3297,0.3635,True,True,0.9523473260683544,0.005800000000000027,ORIGA
PAPILA-453,0.9647992067367079,0.4454545454292355,0.931992337153592,0.28654970758139253,0.3805,0.2389,0.4301,0.2198,0.1665,0.0495,True,True,0.7051268760829718,0.1416,PAPILA
REFUGE1-train-52,0.9673115410144455,0.9122401847048359,0.9366925064357444,0.8386411888706325,0.473,0.4444,0.5152,0.4848,0.2436,0.2178,True,True,0.9397758628596407,0.02859999999999996,REFUGE1-train
G1020-725,0.9478326996053562,0.7397660817631921,0.9008383925729738,0.587006960420648,0.2941,0.3385,0.3231,0.3559,0.0958,0.1131,True,True,0.8437993906842742,0.04440000000000005,G1020
G1020-432,0.9691940434128771,0.8316666665973611,0.940229378011905,0.7118402281438174,0.3766,0.3514,0.411,0.3333,0.1595,0.1133,True,True,0.9004303550051191,0.0252,G1020
REFUGE1-train-4,0.9045078196705703,0.8621877691273822,0.8256634195221477,0.7577592732204572,0.6034,0.6508,0.6727,0.6557,0.4101,0.4414,True,True,0.8833477943989763,0.0474,REFUGE1-train
REFUGE1-train-239,0.9520946834402395,0.8769539077804829,0.9085693796896994,0.7808708065110014,0.494,0.4186,0.5513,0.4699,0.2746,0.1973,True,True,0.9145242956103612,0.07539999999999997,REFUGE1-train
G1020-539,0.9558431671016764,0.9496124030639685,0.9154210718024897,0.9040590405236856,0.5,0.4886,0.5135,0.4684,0.2585,0.2336,True,True,0.9527277850828224,0.011400000000000021,G1020
PAPILA-429,0.8254722585146076,0.7765293382301461,0.7028120574407686,0.634693877421491,0.3023,0.253,0.3243,0.35,0.0995,0.089,True,True,0.8010007983723768,0.04930000000000001,PAPILA
G1020-469,0.9514680902578079,0.8562717769661903,0.9074288358966113,0.748667174352729,0.5333,0.5132,0.5634,0.4776,0.305,0.2517,True,True,0.9038699336119991,0.020100000000000007,G1020
